Domain,Ideological Score,N References
psolnacamara,-0.857,30
psol50,-0.842,1044
azmina,-0.841,11
coletivojuntas,-0.834,13
pcdobba,-0.822,19
pcdobnacamara,-0.82,53
movimentorevista,-0.814,120
vermelho,-0.813,291
esquerdaonline,-0.809,32
almapreta,-0.807,79
recontaai,-0.807,20
jacobin,-0.774,17
coalizaonegrapordireitos,-0.77,51
sensacionalista,-0.755,16
deolhonosruralistas,-0.75,29
cpers,-0.749,19
catarse.me,-0.748,21
outraspalavras.net,-0.741,43
fup,-0.74,14
universa.uol,-0.734,47
sul21,-0.732,406
vozdascomunidades,-0.728,12
brasildefatomg,-0.727,24
blogdokennedy,-0.726,18
extraclasse,-0.721,34
pcdob,-0.721,13
apib.info,-0.721,11
ponte,-0.719,41
apublica,-0.714,148
jornalggn,-0.712,343
institutolula,-0.71,21
jornalistaslivres,-0.709,74
blogdosakamoto,-0.707,101
dilma,-0.707,16
cnte,-0.706,12
jamilchade,-0.705,92
reinaldoazevedo,-0.704,98
josiasdesouza,-0.704,18
conversaafiada,-0.702,64
saibamais.jor.br,-0.702,50
redebrasilatual,-0.7,552
tijolaco.net,-0.7,36
fpabramo,-0.7,21
brasildefators,-0.699,48
cartacampinas,-0.698,30
operamundi,-0.697,32
revistaforum,-0.694,2961
lulalivre,-0.694,48
obrasilsoberano,-0.691,73
ptnosenado,-0.691,45
canaldaresistencia,-0.691,14
revistamarieclaire.globo,-0.69,35
diplomatique,-0.69,27
brasil247,-0.689,3208
brasildefato,-0.689,1031
ambiencia,-0.689,33
diariodocentrodomundo,-0.688,864
viomundo,-0.688,121
claudia,-0.687,13
lula,-0.686,238
mst,-0.686,76
cut,-0.684,274
socioambiental,-0.682,46
dw,-0.68,152
ptnacamara,-0.678,2461
cartamaior,-0.678,40
nocaute.blog.br,-0.678,20
conexaoplaneta,-0.678,12
unisinos.br,-0.677,27
pt,-0.676,1692
outline,-0.672,149
blogdacidadania,-0.671,28
ufmg.br,-0.67,18
reporterbrasil,-0.668,29
midianinja,-0.667,1858
cimi,-0.662,29
elpais,-0.661,873
oeco,-0.661,25
benfeitoria,-0.657,22
cartacapital,-0.653,2942
theintercept,-0.652,2889
fenaj,-0.651,12
pensarpiaui,-0.645,13
sputniknews,-0.644,30
amazonasatual,-0.643,183
buzzfeed,-0.643,77
geledes,-0.641,22
horadopovo,-0.639,48
pragmatismopolitico,-0.639,26
painel,-0.637,89
brasilianismo,-0.637,14
amazoniareal,-0.636,12
programafaixalivre,-0.636,11
piaui,-0.635,150
cnbb,-0.627,28
educacao.uol,-0.621,212
blogdosena,-0.62,13
fiocruz.br,-0.609,14
theguardian,-0.593,329
rfi.fr,-0.591,31
bnews,-0.59,80
noticias.uol,-0.587,3955
mundonegro.inf.br,-0.586,14
aosfatos,-0.584,50
huffpostbrasil,-0.581,83
blogs.globo,-0.579,564
ocafezinho,-0.578,26
catracalivre,-0.572,125
epoca.globo,-0.566,499
plural.jor.br,-0.563,40
usp.br,-0.563,37
talesfaria,-0.562,24
agora,-0.561,64
avaaz,-0.558,33
lemonde,-0.556,24
intercept,-0.555,953
agendadopoder,-0.549,17
m.globo,-0.546,33
un,-0.546,14
correio24horas,-0.543,61
appsindicato,-0.541,101
oab,-0.532,12
bandnewsfm,-0.53,30
diarioonline,-0.526,48
entretenimento.uol,-0.522,45
metro1,-0.52,34
nexojornal,-0.519,141
cultura,-0.518,17
blogdorodrigoferraz,-0.514,13
economia.uol,-0.51,811
brpolitico,-0.507,62
bol,-0.506,17
vaticannews.va,-0.498,28
bhaz,-0.496,44
nacoesunidas,-0.494,22
aventurasnahistoria,-0.493,15
guaiba,-0.487,29
washingtonpost,-0.485,179
bbc,-0.484,1552
sonoticiaboa,-0.476,257
cbn.globo,-0.475,107
change,-0.465,119
mpf.mp.br,-0.464,55
oliberal,-0.457,39
congressoemfoco,-0.455,695
msn,-0.45,33
socialismocriativo,-0.45,29
valor,-0.442,171
otempo,-0.441,435
paranaportal,-0.44,42
huffpost,-0.436,23
nytimes,-0.427,444
economia.ig,-0.427,55
psb40,-0.427,25
esquerdadiario,-0.416,19
afnoticias,-0.415,20
tab.uol,-0.408,21
ultimosegundo.ig,-0.407,91
bahianoticias,-0.403,129
globoesporte.globo,-0.396,47
hypeness,-0.392,25
tvefamosos,-0.389,36
opovo,-0.388,86
poenaroda,-0.387,73
oglobo.globo,-0.381,5643
politicalivre,-0.381,62
itatiaia,-0.38,25
psbnacamara,-0.38,21
ampproject,-0.378,24
folhaimpacto,-0.376,264
conjur,-0.376,120
valor.globo,-0.374,400
terra,-0.371,277
opopular,-0.368,58
emaisgoias,-0.364,106
tribunadonorte,-0.362,42
pdt,-0.351,21
metropoles,-0.35,761
folha,-0.348,18692
bahia.ba,-0.346,36
vimeo,-0.346,11
diariodotransporte,-0.345,13
valorinveste.globo,-0.344,43
spotify,-0.33,87
uol,-0.327,5386
blogdoeliomar,-0.326,22
observatoriog,-0.326,14
tvuol,-0.326,11
vakinha,-0.313,56
gauchazh.clicrbs,-0.31,663
wscom,-0.309,16
jb,-0.305,17
aredacao,-0.305,11
yahoo,-0.296,222
estadao,-0.291,7599
correiodopovo,-0.287,131
diariodegoias,-0.284,23
diariodepernambuco,-0.277,54
esporte.uol,-0.274,31
g1.globo,-0.264,9939
pdtnacamara,-0.262,32
ver-o-fato,-0.262,15
jornalopcao,-0.258,100
revistagalileu.globo,-0.244,11
verdesmares,-0.237,64
folhape,-0.234,78
metrojornal,-0.234,16
diariodoamapa,-0.226,13
oimparcial,-0.225,30
reuters,-0.223,340
gaz,-0.209,12
atarde,-0.208,25
ge.globo,-0.207,11
independent,-0.203,20
revistacrescer.globo,-0.203,19
odia.ig,-0.184,266
jornaldocomercio,-0.184,56
uai,-0.182,13
sagresonline,-0.181,14
jota.info,-0.177,27
blogdomagno,-0.165,14
olhardigital,-0.164,12
jc,-0.163,27
focus.jor.br,-0.154,21
epocanegocios.globo,-0.153,30
migalhas,-0.148,21
medium,-0.142,34
bemparana,-0.137,86
informebaiano,-0.136,14
revistagloborural.globo,-0.134,44
jconline,-0.113,12
jornaldebrasilia,-0.109,52
whatsapp,-0.108,26
vejario,-0.106,13
forbes,-0.1,12
contilnetnoticias,-0.097,52
soundcloud,-0.094,64
vejasp,-0.082,42
correiobraziliense,-0.076,1749
f5,-0.068,14
correiodoestado,-0.067,13
extra.globo,-0.064,2417
istoe,-0.053,1156
senado.leg.br,-0.051,176
noticiasdahora,-0.048,69
clebertoledo,-0.046,17
glo.bo,-0.044,8906
veja,-0.042,19178
fapesp.br,-0.042,16
razoesparaacreditar,-0.039,239
blogs,-0.038,22
ofluminense,-0.038,18
campograndenews,-0.036,13
tecmundo,-0.022,13
istoedinheiro,-0.017,86
moneytimes,-0.012,46
folhadoacre,-0.005,155
encurtador,-0.004,20
poder360,-0.002,2292
cnnbrasil,0.001,2415
caixa.gov.br,0.001,16
band,0.002,1980
revistapazes,0.003,15
clarin,0.013,41
exame,0.021,4727
bandab,0.023,70
nsctotal,0.025,97
cidadania23,0.026,63
tvterraviva,0.026,11
camara.leg.br,0.029,1665
sbtnews,0.032,18
contraponto.jor.br,0.032,17
diariodonordeste,0.036,18
cnn,0.041,2490
in.gov.br,0.043,23
google,0.048,2771
cbncuritiba,0.051,12
hojeemdia,0.058,68
emtempo,0.061,14
sympla,0.068,23
br18,0.07,20
gazetadocerrado,0.077,47
agroemdia,0.078,32
jlpolitica,0.078,15
ndmais,0.081,38
telegraph,0.089,32
acritica,0.089,31
rdnews,0.091,17
sbt,0.095,1105
wikipedia,0.098,33
ebc,0.099,292
globoplay.globo,0.101,264
flickr,0.103,11
94fm,0.11,31
t1noticias,0.116,21
cbnrecife,0.122,32
bncamazonas,0.129,39
instagram,0.13,236
canalrural,0.13,109
anchor.fm,0.136,11
mdb-rs,0.137,14
youtu.be,0.141,51
radiometropole,0.147,15
wsj,0.149,71
diretodoplanalto,0.161,43
midiamax,0.163,30
saude.gov.br,0.165,28
faxaju,0.166,21
issuu,0.17,24
radiobandeirantes,0.172,19
osul,0.172,12
vegazeta,0.172,12
mec.gov.br,0.176,12
ac24horas,0.184,51
estado.rs.gov.br,0.186,22
jcnet,0.188,47
arede.info,0.189,47
tribunapr,0.189,14
r7,0.199,1272
crusoe,0.202,35
folhabv,0.204,50
infomoney,0.213,333
noticiasagricolas,0.213,11
saopaulo.sp.gov.br,0.221,26
fpagropecuaria,0.222,62
bandnewsfmrio,0.223,18
blogdoprisco,0.224,14
folha1,0.241,22
maispb,0.251,13
gazetaonline,0.254,35
portaldacidade,0.258,22
4oito,0.262,13
oantagonista,0.263,2193
radios,0.263,23
ricmais,0.276,23
topmidianews,0.276,11
24horas,0.277,19
olivre,0.294,20
d24am,0.294,13
odocumento,0.296,42
psd,0.296,12
surgiu,0.298,29
imirante,0.3,15
diariodolitoral,0.3,12
aen.pr.gov.br,0.304,39
tudorondonia,0.305,17
ptbnacamara,0.307,14
tercalivre,0.309,613
gmconline,0.312,19
tribunaonline,0.312,14
romanews,0.316,41
jovempan,0.335,3638
tribunademinas,0.34,77
prosnacamara,0.34,73
diariodopoder,0.352,26
engeplus,0.358,11
psdcamara,0.374,48
reporterbrasilia,0.387,14
epbr,0.39,16
portaldaindustria,0.394,47
radioculturafoz,0.394,12
jmnoticia,0.403,11
dailymail,0.405,25
agazeta,0.406,79
polemicaparaiba,0.409,31
folhadelondrina,0.411,24
jornalcruzeiro,0.413,13
portaldecamaqua,0.415,11
roraimaemfoco,0.419,24
gazetadopovo,0.423,1700
criancasespeciais,0.425,13
mblnews,0.431,4325
democratas,0.431,75
brasilsemmedo,0.435,274
semprefamilia,0.438,16
guiame,0.446,12
republicadecuritiba.net,0.453,21
aquinoticias,0.453,11
jornaldacidadeonline,0.457,108
zedudu,0.459,17
conexaopolitica,0.465,368
caneta,0.471,16
gospelprime,0.474,79
criticanacional,0.476,18
gazetabrasil,0.478,186
revistaoeste,0.48,261
renovamidia,0.481,363
avozdacidade,0.484,20
terrabrasilnoticias,0.49,622
pleno.news,0.493,2854
policiamilitardesaopaulo.blogspot,0.493,11
diariodovale,0.498,19
folhavitoria,0.506,23
diariodorio,0.513,80
prb10,0.524,189
republicanos10,0.527,285
agenciacongresso,0.527,16
prbnacamara,0.531,22
marcospereira,0.55,60
braziljournal,0.555,12
parlamentopb,0.565,15
mises,0.576,96
atribuna,0.589,20
boletimdaliberdade,0.656,27
pbagora,0.661,14
novonacamara,0.711,15
politika,0.746,15
paraibaradioblog,0.759,23
