community_number,n_members,n_wolves,Q1_posts,Q2_posts,Q3_posts,top_domains,n_domains,top_hashtags,n_hashtags,top_terms,n_posts,total_engagement,mean_engagement
1,1,0,6,1,0,rubensbueno; cidadania23pr; veja; folha; oantagonista; crn1; goio.news; tribunadointerior; exame; poder360; catve; youtube; cbncuritiba; contraponto.jor.br; reuters,1.0000000000000002,fimdossupersalarios; teto; todospelainovacao; diadoimigrante; diainternacionaldademocracia; cooperativismo; eventos; 6deagosto; ocepar; pequenoempresario; dislexia; almirantetamandare; diainternacionaldoestudante; dianacionaldaimprensa; emdefesadaciencia,0.9999999999999993,ourao; supersalario; attilani; abricio; douglas; amillo; penduricalho; digito; brasilitalia; silvestri; veto; juiz; compulsorio; utfpr; saiba; omcam; liderancas; pronunciamento; walmir; corrupcao; deslizar; irbiski; procopio; dayane; ifpr; condenar; aposentadoria; supersalarios; derrubar; filantropico; teto; solar; people; infancia; comcar; cibernetico; panela; ilvestri; regulamentar; relatorio,1099,240810,219.11737943585078
2,244,1,1003,318,9,veja; folha; exame; g1.globo; youtube; extra.globo; glo.bo; estadao; band; google; camara.leg.br; jovempan; correiobraziliense; oglobo.globo; instagram,228,educacao; trabalhoeresultado; mandatomunicipalista; amorpelobrasil; deputadomunicipalista; coronavirus; vamosjuntos; eleicoes2020; coragempramudar; aquitemtrabalho; umanovahistoria; politica; politicadobem; covid19; nadaresisteaotrabalho,243.99999999999997,pastor; exprefeito; viceprefeito; pavimentacao; igreja; emancipacao; custeio; bencao; live; feminino; vale; povoado; vila; infancia; abencoe; luis; agricola; veto; liderancas; conscientizacao; oracao; maravilhoso; vacinar; tributar; diagnostico; domestico; ereira; iguel; destinacao; preto; municipalista; falecimento; bombeiro; saneamento; sexual; propaganda; juventude; azul; trator; codevasf,458069,149374367,326.0957781469604
3,93,36,3466,2373,154,veja; glo.bo; jovempan; folha; pleno.news; estadao; oantagonista; g1.globo; gazetadopovo; uol; cnn; youtube; cnnbrasil; oglobo.globo; poder360,92,fechadocombolsonaro; otrabalhonaopara; lealdadeacimadetudo; bolsonaro; bolsonaro22; forcaehonra; onyx22; bolsonaropresidente22; politica; novaprevidencia; bolsonaro2022; bolsonarotemrazao; jairbolsonaro; ptnuncamais; brasilacimadetudo,92.99999999999999,corrupcao; lula; esquerda; jairmessiasbolsonaro; prisao; absurdo; bandido; criminoso; instancia; live; tributar; arma; jovo; prender; droga; operacao; jato; moro; petista; penal; igreja; impunidade; bibonunes1; news; drjaziel; gasto; midia; vagabundo; pastor; tarcisio; foro; armar; matar; juiz; investigar; airmessiasbolsonaro; discurso; exercito; direita; condenar,348796,2358482132,6761.780903450727
4,91,1,2240,1350,93,folha; veja; ptnacamara; brasil247; g1.globo; theintercept; uol; estadao; cartacapital; glo.bo; oglobo.globo; revistaforum; noticias.uol; pt; midianinja,90,forabolsonaro; lula13; lulalivre; vamosjuntospelobrasil; vote13; lulapresidente; lula2022; lula; lulapresidente13; brasildaesperanca; cpidacovid; impeachmentja; vazajato; mandatopopular; jeronimo13,90.99999999999996,lula; indigena; fome; negro; desgoverno; jato; pobre; ataque; dilma; impeachment; moro; privatizacao; desmonte; indigeno; absurdo; bolsonarista; amazonia; denunciar; expresidente; trabalhadora; resistencia; golpe; odio; live; presidenta; oposicao; uedes; genocida; arielle; lava; ditadura; lulaoficial; olsonaro; companheira; corrupcao; retrocesso; valadar; news; mentira; sindicato,516548,839297780,1624.8205007085498
5,7,0,32,12,5,folhadoacre; contilnetnoticias; diretodoplanalto; ac24horas; noticiasdahora; extra.globo; flavianomelo; exame; veja; politicaderesultados; acjornal; folhadojurua; folha; bit.ly; gmconline,6.999999999999999,politicaderesultados; cop25; aquitemtrabalho; nossomandato; cruzeirodosul; vicegovernador; mulhernapolitica; atuacaoparlamentar; politicabrasileira; porumbrasilmelhor; deusebomotempotodo; agenda; governo; amorpelobrasil; manciolima,7.000000000000001,prospero; cameli; mocar; gladson; ancio; placido; guiomard; madureiro; thaumaturgo; icard; sena; imac; amazonia; lanrickm; psdbac; hassem; turma; deracre; extra; energisa; ontilnet; sepa; ratinho; agner; ifac; ilderlei; ucineia; funtac; glorioso; ufac; depasa; petecao; marechal; anoel; lucineia; mdbista; ameli; agricola; bittar; solicitacao,11422,2707385,237.03248117667658
6,1,0,2,0,0,NA,0,agoraefederal; agronegocio; santahelena; goianos; ferrovianortesul; sudoeste; rioverde; infraestrutura; assessoria; saomigueldoaraguaia; tradicao; maconaria; valedoaraguaia; trend; cidadeocidental,1,helena; gustavommendanha; anoel; raquel; albertinho; cidinho; ferrovia; ronaldocaiar; alberto; lberto; caiar; nortesul; heleninha; tecnoshow; aerodromo; iacao; onab; calil; ronaldo; colegio; lazao; endanha; zachariascalil; asmar; multimodal; ofia; basileu; idinho; ronaldocaiado; carreata; assessor; exprefeito; solenidade; aconico; genor; deputadojoaocampos; seguridade; arante; maconico; titular,617,102390,165.9481361426256
7,1,0,0,0,0,NA,0,devercumprido; prestacaodecontas; balancogeral; agoraefederal; familia; bencaodedeus; equipe10; metas2020; umanovahistoria; comissaodeorcamento; umnovotempo; seguranca; orgulhodeserbrasileiro; presentededeus; ansiedade,1.0000000000000002,muleque; turminha; enrico; balanco; turma; cade; rosalino; hein; grade; gosta; elissa; colar; avisar; abirochas; indirochas; colado; transcol; apresentador; psiu; acucar; melisso; bloqueador; coladinho; papai; webserie; ouvidoria; botao; jornalismo; carreira; cola; episodio; gordinho; exerco; aquaviario; comandante; menino; cetemag; egundaa; erickmusso; esforcaremo,214,180905,845.3504672897196
8,1,0,11,1,0,neyleprevost; exame; bemparana; bandab; veja; contraponto.jor.br; aen.pr.gov.br; folha; extra.globo; gazetadopovo; reinaldobessa; g1.globo; nossodia; fabiocampana; band,1,ratinhojunior; governoparana; ratinhojr; governodoparana; correntedobem; empregos; criancafeliz; pesar; pmpr; inclusao; qualificacaoprofissional; campolargo; pontaldoparana; pedro; campinagrandedosul,0.9999999999999999,sejuf; ratinho; infancia; departamento; assessoria; ratinhojunior; vulnerabilidade; carreta; erastinho; celepar; carteira; azza; gaertner; sanepar; massa; cotolengo; fortis; socioeducacao; forcatarefa; aplicativo; ustica; paranaenses; procon; hayashi; socioeducativo; aprendiz; carina; erasto; artao; igreja; adolescencia; edca; ofertar; metropolitano; qualificacao; autista; curitibano; oncopediatrico; intermediacao; paroquia,5049,1440079,285.2206377500495
9,3,0,5,3,0,betopereirams; deputadocarloschiodini; jdv; nsctotal; exame; folharegionalwebtv; radioschroederfm; uaaau; wh3; sebrae; carloschiodini; ocp.news; veja; istoe; justsharedthis.info,2.9999999999999996,penaestrada; jaraguadosul; coronavirus; campogrande; campograndems; compromiso; taxarosolnao; deputadomunicipalista; br280; camarafederal; covid19; saojoaquim; novosrumos; semanadomeioambiente; saofranciscodosul,3,antidio; lunelli; pavimentacao; urtinho; pantanal; riedel; iacao; cand; oises; pantaneiro; entreguar; carapa; germino; reuni; negrinho; executiva; kaminski; zambuja; viceprefeito; chapadao; apaixonar; inovacao; chiodini; duplicacao; ercino; terere; unelli; solar; portuario; reinaldo; arroio; schutzenfest; salobra; resumo; seguida; ponta; assomasul; pesca; municipalista; anosdeputar,2884,826578,286.60818307905686
10,1,0,1,0,0,NA,0,eleicoes22; politica; partidopolitico; presidenciadarepublica; precandidato; uniaobrasil44; impostounico; brasilmelhor; covid19; coronavirus; direitaracional; trend; segurodesemprego; diadoescritor; chile,1,comite; chaparral; osafa; digitar; dellon; raffie; leao; jaboatao; rossinar; rossini; vote; enriquecedor; abreu; caravana; caetano; soraya; romero; quiterinha; aluisio; neco; osilda; adelha; liberal; diretorio; pslpe; comida; teimoso; desigualdade; trutis; tributar; pimentel; candidata; orayathronicke; reuni; impor; keyla; honorio; loves; feat; carreata,232,25035,107.90948275862068
11,1,0,1,0,0,boscosaraiva; instagram; acritica; band; bncamazonas; bit.ly; manaus.am.gov.br; portalprestacaodecontasam; radiopeaobrasil; redacaoam; chumbogrossomanaus; portaldoholanda; solidariedade; veja; google,0.9999999999999999,historia; curiosidade; cdeics; zonafrancademanaus; cultura; seriedade; camarafederal; compromisso; biografia; desenvolvimentoeconomico; zfm; servicos; deputadoestadual; industria; comercio,0.9999999999999994,play; apertar; manauara; uatum; conomico; deputadoestadual; samba; fajardo; localizar; prosamim; regularizacao; amazonia; industrial; morro; icolau; fundiario; polo; atta; omar; seculo; borracha; reuni; igarapes; abba; fundar; cdeics; nicolau; aureo; negro; predio; solimoes; apeli; idney; estrinho; manauar; suframa; lfredo; teatro; batepapo; fluvial,2324,208953,89.91092943201377
12,1,0,2,0,0,bezerra1515; araguaianoticia; instagram; coxipodoouro; diretodebrasilia.net.br; midiahoje; olhardireto; exame; veja; bbc; extra.globo; 019agora; 15binao; 180graus; 18horas,1,sociedade; domesticas; quemsoueu; novabrasilandia; varzeagrande; coronavirus; informacao; luto; partiu; agriculturafamiliar; emendas; populacao; advogadas; aguaboa; novomundo,0.9999999999999998,vote; tete; projetodelei; mama; domestica; ufmt; azenilda; coopernova; kalilbaracat; cuiabana; casaldaliga; tremt; amer; ascalheira; canabrava; cascalheira; egurodesemprego; usucapiao; bugr; mauromendesoficial; oabmt; doeste; russi; auro; federa; bacano; carteira; domestico; visoprevio; tata; canto; aplicativo; bugres; sinfro; seio; reuni; plastica; pavimentacao; multa; pista,528,29632,56.121212121212125
13,8,1,28,14,0,domingossavio; josemario; christinoaureo; deputadosergiosouza; youtube; google; veja; arnaldojardim; portaltanosite; pedrolupion; estadao; zevitor; blogdomarcosjunior; fpagropecuaria; folha,8,agro; agricultura; agropecuaria; campo; produtorrural; pecuaria; maisacao; sustentabilidade; agronegocio; rural; meioambiente; economia; brasilacimadetudo; fpa; agronomia,7.999999999999995,agro; agropecuaria; pecuaria; agropecuario; camaradeputado; safra; sustentavel; ronaldocaiar; ministra; agricola; fpagro; agronegocio; cooperativa; tereza; faeg; propriedade; triangulo; eiller; faep; cooperativismo; agroindustrial; sindicato; cadeia; ocepar; regularizacao; sucroenergetico; embrapa; inovacao; mapa; fabriciano; sustentabilidade; pavimentacao; zema; sistemacna; carbono; cooperativo; diretoria; uvino; freper; soja,21046,3567334,169.50175805378694
14,1,0,4,3,0,agricultura.rs.gov.br; gauchazh.clicrbs; estado.rs.gov.br; expointer.rs.gov.br; radioclubfm.net; jornaldocomercio; veja; revistagloborural.globo; globoplay.globo; band; cavalgadanataldobem; ecoregional; informativo; tuaradio.link; g1.globo,1.0000000000000002,trabalhoderesultado; expointer2019; oagronaopodeparar; expodireto; expointer; fundacaomiltoncampos; cavalocrioulo; emater; agricultura; avancar; agriculturafamiliar; eleicoes2020; febreaftosa; estiagem; agro,1.0000000000000002,expointer; pecuaria; aftoso; aftosa; agro; ematerrsascar; estiagem; status; suinocultura; ilvana; febre; safra; irrigacao; reshare; agroindustria; milho; arroio; eduardoleite45; ematerrs; this; irga; suino; emater; agropecuaria; ministra; agronegocio; vitivinicolar; colheita; expodireto; pavimentacao; trocatroca; semente; cotrijal; arroz; soja; forrageiro; exposicoe; naometoque; estphalen; gafanhoto,1803,593045,328.92124237382143
15,1,0,2,1,0,daniel45; veja; estado.rs.gov.br; gauchazh.clicrbs; globoplay.globo; pelotas; diariopopular; ufpel.edu.br; jornaltradicao; psdbnacamara; google; gazetadopovo; twitter; ebc; youtube,0.9999999999999998,duplicacaoja; infraestrutura; juntossomosmais; br116; vacinacaoja; pedagio; prisaoemsegundainstancia; brigadamilitar; pinheiromachado; santavitoriadopalmar; previaspsdb; maisturismo; prestacaodecontas; 70anos; diadoorgulholgbtqia,1.0000000000000002,ucian; pedagio; duplicacao; pelotense; ufpel; doceira; requalificacao; lucian; arroio; expofeira; auxiliomudanca; ourenco; brigada; doceiro; tarifa; ifsul; fenadoce; palmar; padel; pavimentacao; avenida; requalificar; duplicar; ssumpcao; ecosul; timemania; hemocentro; ascarenhas; doce; ferrador; ederaldaniel; ranking; ucpel; dnit; theatro; iluminacao; contorno; capao; mobilizacao; fragata,1472,633071,430.0754076086956
16,2,0,3,0,0,hearthis.at; depeduardocosta.blogspot; reportermaceio; ptbnacamara; ptb; exame; soundcloud; veja; sbt; folha; gazetadopovo; cartacapital; oliberal; oestadonet; fapesp.br,1.9999999999999998,meupara; credibilidade; desenvolvimento; compromisso; confianca; boravacinar; pl399sim; canabidiol; medicos; revalida; respeito; previdencia; reforma; mp890; funasa,0.9999999999999991,embalo; abatedouro; ponciano; potro; umnovoptb; cannabis; girau; funasa; mangalarga; cauc; razil; arma; imboteua; sertanejo; auxilioreclusao; peixeboi; acessoa; bucal; cooperativa; eletrificacao; implante; isten; saneamento; raimundao; pecuarista; marisqueira; fogo; helder; outubrodia; euclide; acompanhadade; administrativoso; arbinhas; aremedio; dedepressao; diversosmunicipio; dofrio; moringa; nessaluta; nosdio,2522,519972,206.1744647105472
17,1,0,0,0,0,bilacpinto; hojeemdia; otempo; twitter; youtube; cnn; cnnbrasil; extra.globo; 019agora; 15binao; 180graus; 18horas; 1news; 24h; 24horas,1.0000000000000002,NA,0,prezar; zema; apucai; romeu; santarritense; pouso; reuner; ciente; ander; patrus; wander; jeffinho; despedir; sapucai; compromissar; bemestar; hristian; figura; ilustre; municipalidade; viceprefeito; saudoso; pudessemos; regressar; rafael; gostinho; dalmo; libanio; consternacao; unifei; falecimento; acheco; conterraneo; formador; odrigo; brilhante; iemg; adalto; jefinho; anastasia,429,26359,61.442890442890445
18,1,0,1,0,0,NA,0,segueolider; covid; vacina; mascara; pandemia; fiqueemcasa; mandatoemacao; cuidados; governofederal; bomdescanso; ministeriodasaude; covid19; vacinometro; olimpiadas; 33anos,0.9999999999999994,aldigueri; elizeu; nteiro; exprefeito; emancipacao; lavia; romeu; camilosantanaoficial; reuni; areninha; ldigueri; municipe; heltonluis; quila; deputadonizocosta; divaldosoar; paroco; solenidade; amilo; bela; drjuniorprefeito; ericoacoara; vandroleitao; senadorcidgomes; receptividade; jijoca; suplente; felipepinheiroitapipoca; residencia; fontenele; depsergioaguiar; localidade; leison; viceprefeito; djaniro; edilson; liderancas; coco; exviceprefeito; evandroleitao,1374,84997,61.86098981077147
19,1,0,0,0,0,amhoje; bncamazonas; exame; youtube; veja; glo.bo; extra.globo; folha; 019agora; 15binao; 180graus; 18horas; 1news; 24h; 24horas,1,campanhapolitica; novaolindadonorte; faltam2dias; 2deoutubro; benjaminconstant; interior; 20dias; riopretodaeva; trends; ifam; 128anos; votar; 5desetembro; eleicoes22; campanhaeleitoral,0.9999999999999998,ifam; belarmino; constant; estadio; gean; wilson; boca; solimoes; desportista; exprefeito; normar; calha; enjamin; seixa; licitacao; glenio; fnde; novolindense; adenilson; dama; ermeguy; belao; constantr; calhar; djuto; silvinita; convivencia; barros; amazonia; reitor; orla; pleito; iluminacao; jocione; benjamin; thome; ocione; denilson; interparlamentar; bermeguy,711,177357,249.44725738396625
20,2,0,2,0,0,es1; seag.es.gov.br; veja; jornalfolha1; perolacapixaba; portaljornaldonorte; incaper.es.gov.br; agenciacongresso; agazeta; esfala; redeoc; psbnacamara; tconline; eshoje; gazetaonline,2.0000000000000004,agriculturafamiliar; saomateus; cafeicultura; pmes; afonsoclaudio; santateresa; vendanovadoimigrante; cachoeirodeitapemirim; ifes; governadorlindenberg; saogabrieldapalha; governofederal; agroturismo; vilavalerio; vilavelha,2.0000000000000013,seag; casagrande; incaper; asagrandees; enato; asagrande; conilon; agricola; casagrandees; dialogar; lindenberg; cafes; colatinense; pavimentacao; ateus; alcamento; agroturismo; idaf; ornamental; cachoeiro; colheita; pesca; cafeicultura; venecia; etiba; arabico; duplicacao; corrego; teresa; secador; contorno; foletto; gutim; valerio; aretto; cafeicultor; vila; capuaba; finde; baunilha,3434,299520,87.22189866045429
21,2,0,12,2,0,prosnacamara; deputadotoninho; camara.leg.br; pros; selesnafes; gazetadopovo; alcinea; oantagonista; diariodoamapa; aen.pr.gov.br; exame; veja; youtube; extra.globo; instagram,1.9999999999999998,pros; laranjaldojari; notadepesar; saojosedospinhais; dialogo; otrabalhonaopara; saomateusdosul; agenda; luto; segurancanotransito; saojoaodotriunfo; filho; maioamarelo; cerroazul; 21deabril,1.9999999999999993,prosap; lisson; alentino; fazenda; alisson; valentino; darianny; viabilizacao; letnar; repouso; etti; cortesia; pagao; miraldo; pavimentacao; bailique; asso; ratinho; climatizacao; sidnei; unifap; falecimento; ardanha; basso; alcolumbre; confortar; armitao; reunido; bonificacao; davi; condolencia; agari; macapaenses; litoral; mapari; cerro; pioneiro; gabrielly; transferencia; luany,4760,384302,80.73571428571428
22,1,0,0,0,0,NA,0,otrabalhovaicontinuar; pandemia; municipio; laveasmaos; covid; juntossomosmaisfortes; estamosjuntos; amigos; soumunicipalista; aquietrabalho; desenvolvimento; votecerto; saudeemprimeirolugar; vidas; determinacao,1.0000000000000002,euresoficial; ruicostaoficial; cassiocursino; ottoalencar; djalmanh; rejinhos; jeronimorodriguesba; pedritocruzz; neve; exprefeito; depvitorbonfim; dnocs; atiro; govba; eduardossalles; satiro; nelsonlealoficial; liderancas; marcusbfcavalcantir; amelinho; icrorregiao; fabiovboa; chocar; ramalho; conder; asfaltico; pavimentacao; depnelsonleal; marcusbfcavalcanti; olcci; sitio; emancipacao; taboca; seinfra; arcel; perfuratriz; tavinho; licenciar; nelsonleal11; vote,624,27011,43.28685897435897
23,1,0,0,0,0,NA,0,boaviagem; novooriente; 65anos; luto; saopedro; festajunina; bancadadoceara; emoracao; 8demaio; amominhafamilia; solidariedadenacamara; padroeirodoceara; natal2022; saojoao; datamagna,1,asfaltico; romulo; pavimentacao; emancipacao; amilo; molhado; trafegar; cavalheiro; nenen; ertulino; concluido; juntome; inhamum; oiticica; molhar; vila; viagem; melhoramento; ntao; terraplanagem; areninha; undo; abatedouro; papai; riacho; omulo; poco; trajeto; josepadroeiro; egis; nesio; ladeira; hara; picarramento; regis; cercar; renasca; venturoso; abolicao; localidade,444,333115,750.259009009009
24,1,0,1,0,0,informebaiano; aratuonline; nordesteusou; vilacanaria; mulhercontemporanea; classepolitica; bnews; catarse.me; poder360; g1.globo; exame; veja; 019agora; 15binao; 180graus,0.9999999999999999,favela; pelopovo; comissaodecultura; deputadodopovo; saosebastiaodopasse; periferia; comissaodeturismo; projetodelei; santabarbara; feiradesantana; ameliarodrigues; serradoramalho; irmadulce; bomjesusdalapa; deusnocomando,1.0000000000000002,cima; favela; nario; prefsalvador; avela; grandao; arrastar; brunoreisba; cena; jesus; gueto; galera; limpeza; acmnetooficial; jario; storie; capinacao; fechadao; arotinho; retiro; limpurb; parada; estourar; levarmos; desinfeccao; lazer; insta; iluminacao; periferia; canario; suburbio; fazenda; gracioso; cassange; acmneto; cerol; cont; tente; levare; aloo,728,93840,128.9010989010989
25,1,0,0,0,0,NA,0,euclidesdacunha; feiradesantana; novasoure; montesanto; barradochoca; assessoria; campoformoso; tmj; correria; santabarbara; sosbahia; governodoestado; coronavirus; otto; rafaeljambeiro,0.9999999999999998,euclide; nenar; nininho; jailma; edifrancio; cassinho; coelba; exprefeito; povoado; emancipacao; lulinha; otto; cerb; enezes; onte; embasa; ba220; zezao; abriel; exprefeita; ottoalencar; barbara; cici; assinho; laerte; cota; iphan; bendego; valdemir; gabriel; alencar; nena; euclidense; candinho; irmino; attos; dantas; igreja; vaqueiro; agricola,969,103572,106.88544891640866
26,1,0,0,0,0,NA,0,NA,0,sepse; crematorio; septico; velorio; saguao; pace; dorr; tina; abdominal; caju; alerj; dejaneiro; coco; cemiterio; choque; despedida; interrupcao; tropa; internado; voar; apresentador; seguira; falecer; comunicar; palacio; a100; a120; a2010; a2018; a2019; a2020; a2030; a350; a359; a434; a490; aabb; aabertura; aaberturar; aabrir,9,4352,483.55555555555554
27,1,0,4,0,0,edmilsonpsol; agenciabelem; outline; diarioonline; noticias.uol; folha; ed50; g1.globo; veja; revistaforum; oliberal; theintercept; cartacapital; estadao; oglobo.globo,1.0000000000000013,ed50; agorae50; borabelem; amazonia; covid19; eciriooutravez; desmatamento; lulapresidente13; meioambiente; educacao; participacaopopular; direitosindigenas; povosindigenas; corona; rendaemergencial,1,icoaraci; osqueiro; kamila; uama; ufpa; outeiro; vacinar; indigena; uepa; amazonia; avenida; prefeiturabelem; carananduba; mangueirao; drivethru; cabano; cacela; cirio; travesso; venida; unama; semec; marambaia; angueirinho; guama; juruna; ilha; selado; indigeno; visconde; acio; alcir; unifamaz; macrodrenagem; semob; negro; macio; sesma; tapana; amazonico,5339,4692326,878.8773178497846
28,1,0,4,1,0,faustopinato; regiaonoroeste; band; oantagonista; poder360; folha; estadao; progressistas; oextra.net; jovempan; correiobraziliense; g1.globo; veja; cnnbrasil; glo.bo,1.0000000000000004,etica; transparencia; estamosjuntos; governonaarea; equilibrio; juntossomosmaisfortes; compromissocomasaude; brasilchina; saojosedoriopreto; brasilcontraocoronavirus; agronegocio; todospelasvacinas; brdomar; brics; renda,1.0000000000000002,rics; doeste; brasilchina; china; dirce; pinatto; visona; hina; chins; duran; arcia; viceprefeito; naconta; palhares; recapeamento; preto; hickmann; gestal; palhar; custeio; vadao; chines; juninho; venceslau; alentim; prudente; avcc; peao; inping; orge; dilador; agro; pignatari; confortar; inubia; arcio; cooperacao; carne; aracangua; yang,3629,553895,152.63020115734363
29,1,0,2,1,0,franciscojr; psdcamara; jornalopcao; google; camara.leg.br; emaisgoias; psd; opopular; extranewsgo; veja; diariodegoias; youtube; sagresonline; rccbrasil; radiobandeirantesgoiania,0.9999999999999999,atuacao; frenteparlamentarcatolica; cidadesinteligentes; rcc; cedes; senadorcanedo; cancaonova; devocao; vamosjuntos; renovacao; belavistadegoias; prefeituradegoiania; vidasim; catolicos; bancadagoiana,0.9999999999999998,padre; catolico; cede; beato; vanderlan; eleno; carismatica; inteligente; oracao; canedo; paroquia; goianiense; psdgo; missa; razil; iondini; eirelles; arcebispo; cottolengo; padremarco; renovacao; destinacao; filantropico; chis; fiquei; terapeutico; estrategico; isericordia; ashington; ilmar; igreja; pellozo; vilmarrocho; santuario; reunido; livro; catolica; lissauer; aborto; caiar,2044,176861,86.52690802348337
30,1,0,0,0,0,NA,0,espiritualidade; relacionamento; marketing; terapia; frases; metas; resiliencia; positividade; atitude; sonhos; sabedoria; negocios; empreendedor; conhecimento; crescimento,1.0000000000000002,orator; oratoria; metamorfose; adepta; timidez; eloquente; tecnica; compacto; timer; convencimento; apresentarer; treinamento; mergulho; expressar; percorrer; decisoe; extraordinario; enriquecedor; parceir; relacionado; oral; persistencia; certificacao; perpetuar; colheita; linguagem; disseminar; inspirador; restrito; empreender; habilitar; apresentacoe; emissora; emocional; habilidade; coracoes; indispensavel; prevalecer; largo; precioso,8,78,9.75
31,1,0,0,0,0,hugomotta; cnn; patosonline; pombal.pb.gov.br; maispb; prb10; jota.info; saude.gov.br; youtube; spotify; uol; g1.globo; r7; jovempan; cnnbrasil,1.0000000000000002,aniversariodacidade; pecdosprecatorios; educacaonafrente; lideranca; princesaisabel; auxiliobrasil; santaluzia; eleicoes2020; joaopessoa; saobento; dialogando; coronavirus; covid19; olympics; bpc,1,naborwanderley; republicanos10pb; nabor; emancipacao; joaoazevedolim; patoense; isabel; garrote; aniversariante; verissinho; cacimba; uzia; pavimentacao; precatorio; paola; tigre; franciscamottapb; acude; campina; cariri; prosperidade; ventura; adrianogaldino1; carinhoso; pesca; curral; uassuna; dialogar; marceloqueiroga; tavarenses; aniversariar; republicanospb; viceprefeito; dagua; vulnerabilidade; fnde; exprefeito; espinho; fedfral; confortar,1479,182282,123.24678837052062
32,1,0,0,0,0,NA,0,mirandadonorte; 01demaio; 02dejulho; 02deoutubro; 02outforabolsonaro; 05dejunho; 07desetembro; 08demarco; 1000dias; 1000diasdemandato; 1000diassemjustica; 1000diassemmarielle; 1000diassemrespostas; 100anos; 100anospaulofreire,1,ederaljunior; pesare; ifma; falecimento; comando; negao; extase; dordeputar; mirandense; ariquinha; conal; sofrencia; amigosdeputar; deculturar; esticar; trilha; joacy; guabiraba; confortar; jonas; rally; dofalecimento; solidarizo; primo; maezinha; puderam; armandinho; sacoder; pecuarista; lobao; adjacencia; assessoriar; chover; partida; adeus; anosum; cariongo; entequerido; familiaos; familiapelo,61,3259,53.42622950819672
33,1,0,0,0,0,cearanoticias.net.br; maisceara; seuamigoguru; cn7; exame; diariodonordeste; veja; opovo; globoplay.globo; glo.bo; g1.globo; folha; 019agora; 15binao; 180graus,1,novarussas; tmj; obrasinacabadas; estagiovisita; agoraeela; bnb; bancodonordeste; reformadaprevidencia; forcabrasil; onibusescolar; novooriente; microempreendedores; revalida; dnocs; comissaoexterna,0.9999999999999989,acilon; giordanna; novarussense; earabr; liberal; amilo; bruno; barreto; plce; taboso; acude; reunido; edrosa; inacabar; viceprefeito; areninha; anuidade; down; dnocs; pavimentacao; superintendente; ichele; urgel; maezinha; emancipacao; aquirazense; carlomano; wilamar; yury; marcondes; sindrome; avio; cariri; ministra; picarramento; salarioeducacao; monsenhor; cicero; arta; makerepost,821,187740,228.6723507917174
34,1,0,8,1,0,lizianebayer; radios; camara.leg.br; expansao.co; gauchazh.clicrbs; reporterbrasilia; portaldecamaqua; veja; francianebayer; google; exame; republicanos10; folha; osul; atmosferaonline,0.9999999999999993,pelavida; mandatofederal; mandato; missao; compromisso; naestrada; vamosjuntos; mulheresnapolitica; ministerio; pelafamilia; agoraefederal; emendasparlamentares; emendaparlamentar; juntospelavida; agendaembrasilia,0.9999999999999997,ranciane; franciane; assessoria; iigd; suicidio; assessorio; assessoriar; kisuco; automutilacao; elaine; live; evangelicar; dialogar; mana; igreja; assessor; pedone; viceprefeito; reunido; seguridade; comitiva; arroio; pastor; ourao; renal; feminino; iberoamericano; assessora; mama; ichelle; disque; oficio; leopoldo; culto; cristo; omano; card; sexual; missionario; arques,4105,485719,118.3237515225335
35,1,0,5,1,0,NA,0,avantebrasil; emendaparlamentar; projetodelei; pandemia; coronavirus; arthurlirapresidente; homenagem; codevasf; reformapolitica; honraria; eleicoesmunicipais; eleicoes2020; minascomlula; bomdespacho; prevencao,1.0000000000000004,arlensantiagooficial; avelar; isidorio; vales; strar; codevasf; matia; suacui; conego; liderancas; trator; viatura; arlen; viceprefeito; arador; exprefeito; play; grade; orja; caminhao; thialu; reuni; vantemg; pipa; teofilo; compactador; salvadorbahia; abio; patrulhamento; aradora; valdeci; marceloaro; otoni; codevasfr; inmetro; belohorizontino; pastor; vale; indaia; serranamg,696,123705,177.73706896551724
36,1,0,2,2,1,portalpovo; prosnacamara; gazetanewspr; 24horas; portalbocaaberta; veja; folha; exame; gazetadopovo; 24h; correiopioneiro; istoeparana; portalcambe; vejaparana; blogdotupan,1.0000000000000002,NA,0,estasempre; londrinense; bijuteria; ponta; pedagio; bambu; elinati; perfume; cmtu; domingao; estalar; irandola; carrancudo; rasgar; usao; vergonha; prender; precoo; netinha; iptu; taroba; rabo; saudeobrigar; ratinho; personalizar; busao; camiseta; bandido; dormir; banheiro; lombo; maquiagem; cassar; vila; aposentadoria; resto; utina; dizo; fardamento; toxicologico,1766,11127588,6301.012457531144
37,1,0,0,0,0,bemplease; contradita; youtube; veja; lojaintegrada; google; glo.bo; 019agora; 15binao; 180graus; 18horas; 1news; 24h; 24horas; 360meridianos,1.0000000000000002,espiritualidade; reflexao; opiniao; virus; pandemia; curiosidades; covid19; politica; midia; cura; noticia; animaldeestimacao; eutanasia; comportamento; morte,1.0000000000000002,aplicativo; baixar; mediunico; baixe; tatsch; baixinho; mediunidade; carma; desculpa; carimbado; salvi; espinho; gincana; corona; porrete; cientista; espiritual; ganhador; paranormal; rondani; chorar; cabelo; oletta; feio; matar; teologo; tribo; vastidao; cena; cavalinho; erro; tolo; arli; beneficencia; cacete; futilidade; dilaceracao; fracote; usnelo; magoar,522,2790539,5345.860153256705
38,1,0,2,0,0,deputadomiguellombardi; 019agora; flickr; je10; rapidonoar; veja; extra.globo; elimeira; j1diario; youtube; camara.leg.br; issuu; cidadeazulnoticias; diariodejustica; educadoraam,1.0000000000000007,vicentinos; rioclaro; ssvp; saocarlos; casabranca; santagertrudes; novaodessa; bragancapaulista; emdefesadosuas; catolicos; missao; assistenciasocial; terceirosetor; limeirasp; engenheirocoelho,0.9999999999999999,vicentino; otion; confrade; dinan; abencoe; ortolan; limeirense; icente; pozzi; louvar; nelita; represa; filantropico; telegr; ilpis; ario; sjcampo; barroca; demarchi; gertrude; nelito; liderar; odir; ratidao; horto; cristo; lise; gino; viaduto; ichel; unido; assistencial; pavimentacao; parlamento; acelerador; humanitaria; contir; aparelho; vote; agnificat,1948,241017,123.72535934291581
39,1,0,0,0,0,NA,0,profecia; 01demaio; 02dejulho; 02deoutubro; 02outforabolsonaro; 05dejunho; 07desetembro; 08demarco; 1000dias; 1000diasdemandato; 1000diassemjustica; 1000diassemmarielle; 1000diassemrespostas; 100anos; 100anospaulofreire,1,feliciano; teologia; racaopelo; aqual; ideoes; orar; emfavor; ocoracao; devoce; prosperidade; divertir; live; deportar; causo; missionar; adorar; servo; recado; comunismo; conclamar; missionario; marque; ministrar; culto; fantastico; anotar; marinho; sorrir; cantor; computador; assistar; risto; cristo; online; impactar; pagina; a100; a120; a2010; a2018,11,1817,165.1818181818182
40,1,0,3,0,0,NA,0,aforcadamulher; emancipacaopolitica; coronavirus; dianacionaldecombateaoalcoolismo; diadohinonacionalbrasileiro; alcoolismo; diadojornalista; alcool; eleicoes2020; pandemia; covid19; todosjuntos; 19deabril; diadocomerciante; festa,1,pilha; infrutifero; tonholo; fabiana; emancipacao; ufal; cortador; danado; baixao; gostodia; farmacia; indio; coligacao; musica; feder; cuide; arnaldo; athias; acicar; amadaidolatradasalve; asmanga; criaro; degradam; doconsumidor; econselho; elianao; elthon; estevi; eudocia; georgeclementee; luzinho; naes; perfeicoa; soltei; vereiro; hino; bateria; quese; acarthur; interessespolitico,293,7240,24.7098976109215
41,1,0,0,0,0,NA,0,humor; relacionamento; record; casal; celular; sbt; videos; familia; comedia; tiktok; sitio; cerveja; aviso; challenge; canetaazul,1.0000000000000002,abestar; nana; marquar; agalhaes; avisar; bofe; nano; sorrir; acordar; casal; nasa; pegar; coisar; cuca; marque; roer; abestado; robertocarlosoficial; tirullipa; danilogentili; sozinho; concordar; programapanico; elite; jegue; sogra; primitivo; jeguar; infalivel; cabra; rafinhabasto; show; master; morri; brincar; amae; sofrencia; osso; gugu; mozao,1442,37714096,26154.019417475727
42,1,0,4,1,0,vitorlippi; veja; jornalcruzeiro; jovempan; g1.globo; whatsapp; folha; exame; infomoney; estadao; uol; gazetadevotorantim; temmais; jornalipanema; teletime,1,trabalhoparlamentar; emprego; epidemia; tecnologia; regiao; inovacao; saudepublica; empregos; iot; covid_19; capaobonito; capeladoalto; industria; estradas; saoroque,1.0000000000000002,amary; ange; capao; mary; arum; roque; inovacao; policlinica; esario; lucia; doria; cirurgia; nakao; antena; metropolitano; arcia; tecnologico; toyota; asaki; vicinal; rodrigogarciaoficial; vlamir; keke; arcanjo; raposo; edicarlos; competitividade; titi; etterer; andei; empreendedorismo; paci; abiola; japons; poupatempo; empenhado; vinholi; abimaq; burocracia; atheus,3267,725472,222.06060606060606
