author,label,party,state,PEC135,ideology_2021,mean_page_followers,louvain_community,degree,strength,total_posts,total_image_posts,total_video_posts,total_text_posts,total_engagement,mean_engagement,Q1,Q2,Q3,is_wolf
23rubensbueno,Rubens Bueno,CIDADANIA,PR,0,-0.014,61535.700364298726,1,0,0,1099,650,253,196,240810,219.11737943585078,6,1,0,0
DeputadoAndreFigueiredo,André Figueiredo,PDT,CE,0,-0.356,84128.8865157794,2,215,73.69914247164648,3137,2351,696,90,800218,255.09021357985335,5,3,0,0
DelegadoPablo,Delegado Pablo,PSL,CE,1,0.803,33402.98644902987,2,201,65.13131664621109,3247,1759,1478,10,1396301,430.0280258700339,11,10,0,1
DeputadoNicoletti,Deputado Federal Nicoletti,PSL,RR,1,0.803,26812.25,2,193,49.45211436436675,3608,2383,1217,8,679129,188.22865853658536,10,7,0,0
gervasiomaiapb,Gervásio Maia,PSB,PB,0,-0.427,24202.985627418464,2,161,48.08748142714181,1809,1326,477,6,266023,147.05527915975676,3,2,0,0
delegado.waldir,Delegado Waldir,PSL,GO,0,0.803,888923.7066521265,2,174,47.98748771256657,2751,720,2028,3,11397021,4142.864776444929,1,0,0,0
Drdenisbezerra,Denis Bezerra,PSB,CE,0,-0.427,18838.11547911548,2,204,47.97128931704207,1628,1305,315,8,169609,104.18243243243244,7,4,0,0
abiackelpaulo,Paulo Abi-Ackel,PSDB,MG,0,0.157,60143.59713261649,2,196,46.646558162609956,1395,1108,278,9,145037,103.96917562724015,8,3,0,0
capitaowagnersousa,Capitão Wagner,PROS,CE,1,0.19,335529.2484864438,2,189,45.511459124086656,3800,1984,1794,22,7402051,1947.9081578947369,14,5,0,0
idilvanoficial,Idilvan,PDT,CE,0,-0.356,16523.277326670832,2,191,41.158084735535454,1601,1150,397,54,791935,494.65021861336663,0,0,0,0
drdamiao,Dr. Damião,PDT,PB,0,-0.356,10851.462121212122,2,161,38.54048014542069,1056,872,182,2,48642,46.0625,1,0,0,0
AlexandreLeite.SP,Alexandre Leite,DEM,SP,0,0.431,118683.5485799701,2,175,38.48874294925206,2007,1450,546,11,330464,164.65570503238663,4,1,0,0
margaretecoelho.castro,Margarete Coelho,PP,PI,0,0.51,22154.745568685375,2,167,38.27360509090043,2708,2020,682,6,126419,46.683530280649926,32,1,0,0
betorosado1111,Beto Rosado,PP,RN,0,0.51,28925.515555555554,2,149,38.17915887219488,1800,1227,573,0,265158,147.31,3,0,0,0
jhc,JHC,PSB,AL,0,-0.427,77546.63680623175,2,172,37.25482229599547,2054,1568,478,8,652494,317.6699123661149,0,0,0,0
FelipeCarrerasOficial,Felipe Carreras,PSB,PE,0,-0.427,121832.25101449275,2,185,36.81128529535876,1725,1545,178,2,119227,69.11710144927537,4,1,0,0
joaocampospsb,João Campos,REPUBLICANOS,GO,0,0.55,102914.66300562551,2,174,34.76414816832045,3733,2173,1532,28,2656300,711.5724618269488,3,0,0,0
rosemodestoms,Rose Modesto,REPUBLICANOS,MS,1,0.55,60074.6026387272,2,148,32.099517638118684,2577,2026,547,4,1778162,690.0124175397749,5,1,0,0
drluizovando,Dr. Luiz Ovando,PP,MS,1,0.51,22581.84512285927,2,148,32.029357979432604,2691,1868,814,9,852661,316.85655890003716,36,30,0,1
eduardobraide,Eduardo Braide,PSD,MA,0,0.296,71869.77659574468,2,157,31.900326560301412,2068,1108,954,6,1440938,696.7785299806576,2,0,0,0
pinheirinhomg,Pinheirinho Deputado Federal,PP,MG,0,0.51,21735.753753753754,2,138,31.71851134699171,666,515,147,4,225157,338.0735735735736,0,0,0,0
ottacinascimento,Ottaci,SOLIDARIEDADE,RR,1,0.19,5764.859570661896,2,147,30.887434978122187,1153,797,346,10,289741,251.29314830875975,4,2,0,0
viniciuscarvalhooficial,Vinicius Carvalho,REPUBLICANOS,SP,0,0.55,147431.64873127485,2,129,30.513017612972565,3271,2389,877,5,545059,166.63375114643839,6,2,0,0
deputadoviniciusgurgel,Vinícius Gurgel,PL,AP,0,0.493,21292.761760242793,2,137,30.229236707951912,659,588,70,1,76735,116.44157814871016,4,0,0,0
baleia.rossi,Baleia Rossi,MDB,SP,0,0.137,159373.83945841392,2,154,29.85493269033985,2586,1972,596,18,881524,340.88321732405257,6,1,0,0
DelegadoAntonioFurtado,Delegado Antonio Furtado,PSL,RJ,1,0.803,67891.08443485298,2,122,29.639272225689623,3708,2198,1455,55,1386512,373.9244875943905,14,9,0,0
MarxBeltrao,Marx Beltrão,PP,AL,1,0.51,174819.60659898477,2,141,29.52900287694749,1970,201,1769,0,413029,209.65939086294415,2,2,0,0
celsosabinooficial,Celso Sabino,PSL,PA,0,0.803,67692.39934667211,2,135,28.927061345904807,2449,2092,351,6,277676,113.3834218048183,5,1,0,0
LucasRedecker,Lucas Redecker,PSDB,RS,1,0.157,56125.20541494997,2,146,28.74376154222254,1702,1240,395,67,1000421,587.7914218566392,4,1,0,0
celio.studart,Célio Studart,PSD,CE,0,0.296,666106.1496657948,2,125,28.105839730790567,3441,2490,940,11,9485907,2756.7297297297296,2,0,0,0
depaguinaldoribeiro,Aguinaldo Ribeiro,PP,PB,0,0.51,10820.147991543341,2,125,27.232080197632985,946,677,267,2,58553,61.895348837209305,2,0,0,0
AdrianoDoBaldyOficial,Dep. Adriano do Baldy,PP,GO,0,0.51,19512.018989034503,2,123,27.145785249578037,3740,3302,433,5,155071,41.46283422459893,4,0,0,0
altineucortesrj,Altineu Côrtes,PL,RJ,0,0.493,53065.27113702624,2,127,26.706683990644237,1029,783,224,22,314330,305.4713313896987,5,1,0,0
fabioabreu.oficial,Fábio Abreu,PSD,PI,0,0.296,39149.67832538421,2,133,26.55655008743424,1887,1475,412,0,273094,144.7239003709592,1,0,0,0
rio.pedropaulo,Pedro Paulo,PSD,RJ,0,0.296,92343.750740584,2,133,26.270989360768784,2363,1608,741,14,419207,177.40457046127804,11,6,0,0
depjefferson,Dep Pr Jefferson Campos,PL,SP,1,0.493,307856.56742179074,2,133,26.084101147120272,1855,1385,468,2,433497,233.6911051212938,7,1,0,0
farah.vinicius,Vinicius Farah,MDB,RJ,0,0.137,55082.28641801548,2,131,25.77330252836776,1421,1044,369,8,305675,215.11259676284305,3,0,0,0
profmarcivania,Professora Marcivânia,PCDOB,AP,0,-0.822,15704.038222222222,2,114,25.691594919467665,1125,689,412,24,314330,279.40444444444444,1,1,1,0
oficialraimundocosta,Raimundo Costa,PODEMOS,BA,0,NA,4645.918561607615,2,117,25.473238626898727,1914,1501,412,1,120642,63.03134796238245,0,0,0,0
emanuelpinheiromt,Emanuel Pinheiro,MDB,MT,1,0.137,59716.6200265252,2,134,25.199776700515677,1508,749,744,15,935764,620.5331564986737,1,0,0,0
MosesRodriguesOficial,Moses Rodrigues,MDB,CE,1,0.137,36336.108263933376,2,115,24.971646673720496,1561,1328,220,13,287295,184.04548366431774,5,3,0,0
CelinaLeaoDf,Celina Leão,PP,DF,1,0.51,136102.9572387344,2,122,24.92428706858143,5255,3422,1625,208,5240662,997.271550903901,4,0,0,0
DepGonzagaPatriota,Gonzaga Patriota,PSB,PE,0,-0.427,26477.71842843779,2,113,24.61017752002778,1069,594,474,1,138878,129.9139382600561,3,1,0,0
danielacarneirooficial,Daniela Carneiro,MDB,RJ,0,0.137,27620.849839113336,2,108,24.518758003625738,2798,2439,341,18,1270605,454.1118656182988,3,0,0,0
RonaldoCarlettoOficial,Ronaldo Carletto,PP,BA,0,0.51,23402.48416289593,2,105,24.42071723887751,2211,1821,379,11,51034,23.08186341022162,2,0,0,0
rafaelmottarn,Rafael Motta,PSB,RN,0,-0.427,26469.653846153848,2,90,24.265345822491582,2444,1955,488,1,325858,133.32978723404256,11,1,0,0
fabiohenriquese,Fábio Henrique,PDT,SE,0,-0.356,14082.213194868662,2,120,23.29617816015116,1637,1132,503,2,87501,53.452046426389735,4,0,0,0
iracemaportella,Iracema Portella,PP,PI,1,0.51,76384.09485787289,2,115,23.240846043565043,3131,2825,287,19,1124765,359.2350686681571,1,0,0,0
RosanaValleOficial,Rosana Valle,PL,SP,1,0.493,239213.2302433689,2,104,22.90993511166492,3657,2275,1304,78,7648142,2091.3705222860267,10,4,0,0
fabiogov55,Fábio Mitidieri,PSD,SE,0,0.296,19543.004363001746,2,104,22.431470919458935,2292,1765,514,13,152581,66.57111692844677,1,0,0,0
GutembergReisOficial,Gutemberg Reis,MDB,RS,1,0.137,55004.996229260934,2,115,22.38001124041201,3978,2980,988,10,656040,164.91704374057315,5,2,0,0
sebastiaooliveirape,Sebastião Oliveira,AVANTE,PE,0,0.455,20468.478578892373,2,113,22.283279842002806,957,789,165,3,149584,156.30512016718913,0,0,0,0
FernandoRodolfoTV,Fernando Rodolfo,PL,PE,0,0.493,83218.18527918782,2,106,22.044072847731368,788,352,395,41,1758863,2232.0596446700506,0,0,0,0
miltonvieiraoficial,Milton Vieira,REPUBLICANOS,SP,0,0.55,140216.92980705257,2,97,21.936022075714384,3006,2241,760,5,1157438,385.04258150365933,5,3,0,0
DeputadoTadeuAlencar,Tadeu Alencar,PSB,PE,0,-0.427,45157.437456324245,2,100,21.78956019720005,1431,1168,233,30,262020,183.1027253668763,7,5,0,0
deputadopaulofreire,Deputado Paulo Freire Costa,PL,SP,0,0.493,118406.29530638852,2,101,21.55963889010701,1535,1347,169,19,191296,124.62280130293159,0,0,0,0
flaviamorais1212,Flávia Morais,PDT,GO,0,-0.356,79652.69239052405,2,93,21.310603224999944,2786,2515,260,11,1102723,395.80868628858576,3,0,0,0
ProfessorAlcidesoficial,Professor Alcides,PL,GO,1,0.493,35715.945182323114,2,95,21.037156068304398,4141,3509,628,4,284012,68.58536585365853,2,0,0,0
bira.dopindare,Bira do Pindaré,PSB,MA,0,-0.427,59673.998837547224,2,110,20.511060815510756,3442,2338,1074,30,490459,142.49244625217898,9,7,0,0
delegadomarcelofreitas,Delegado Marcelo Freitas,PSL,MG,1,0.803,78478.31985624439,2,101,20.31518728184637,2226,1599,607,20,515811,231.7210242587601,6,3,1,0
greyce.elias,Greyce Elias,AVANTE,MG,1,0.455,42551.221980413495,2,82,19.8660335169735,919,644,268,7,179373,195.18280739934713,3,3,0,0
jorgebrazoficial,Jorge Braz,REPUBLICANOS,RJ,1,0.55,23973.34703196347,2,86,19.204469783617707,2847,1759,1085,3,451142,158.46224095539165,12,6,0,0
CacaLeaoOficial,Cacá Leão,PP,BA,1,0.51,40552.85163204748,2,92,19.04442392919957,1348,1202,140,6,84336,62.56379821958457,0,0,0,0
dep.ledasadala,Leda Sadala,PP,AP,0,0.51,6078.0344632768365,2,88,19.021319703709445,1819,1438,369,12,192973,106.08741066520066,1,1,0,0
flavionogueirapi,Flávio Nogueira,PT,PI,0,-0.691,25021.771786492376,2,92,18.588849822964814,1836,1611,203,22,104325,56.821895424836605,2,0,0,0
elcionebarbalh0,Elcione Barbalho,MDB,PA,0,0.137,52163.73645598194,2,87,18.53020443852412,3544,2936,607,1,521903,147.26382618510158,12,0,0,0
doutorluizinho,Dr. Luizinho,PP,RJ,0,0.51,71219.52109500805,2,86,18.18567357904693,3106,2148,907,51,775510,249.68126207340632,0,0,0,0
deputadosubtenentegonzaga,Subtenente Gonzaga,PSD,MG,1,0.296,47266.653944020356,2,80,18.164030221178944,1572,869,617,86,176159,112.06043256997455,5,1,0,0
VilsondaFetaemg,Vilson da Fetaemg,PSB,MG,0,-0.427,9195.140049140049,2,79,17.95238637091758,457,309,142,6,153614,336.13566739606125,0,0,0,0
glaustindafokus,Glaustin da Fokus,PSC,GO,1,0.596,23420.00137299771,2,78,17.846597803844343,2185,1743,434,8,324274,148.4091533180778,14,3,0,0
mario.negromontejunior,Mário Negromonte Júnior,PP,BA,0,0.51,28093.37029831388,2,92,17.76334920178258,1542,1354,185,3,77153,50.03437094682231,2,0,0,0
deputadolourivalgomes,Lourival Gomes,NOVO,RJ,1,0.711,43900.18210197711,2,94,17.5379638188506,961,791,169,1,154760,161.04058272632673,9,5,0,0
BrunaFurlanDeputadaEstadual,Bruna Furlan Deputada Estadual,PSDB,SP,0,0.157,183801.96919431278,2,93,16.980642902662744,844,619,192,33,492210,583.1872037914692,2,0,0,0
Ossesio.Silva,Ossesio Silva,REPUBLICANOS,PE,1,0.55,44034.73774905762,2,63,16.92980375869251,3714,3015,681,18,382211,102.91087775982768,11,1,0,0
policialkatiasastre,Policial Katia Sastre,PL,SP,1,0.493,130439.83717277487,2,92,16.864209831103757,3820,2986,794,40,1465492,383.6366492146597,16,6,0,0
eduardobismarckce,Eduardo Bismarck,PDT,CE,0,-0.356,21293.543842364532,2,73,16.739145647913123,3045,2340,641,64,393514,129.2328407224959,13,3,0,0
charlesfernandesoficial,Charles Fernandes,PSD,BA,0,0.296,16445.822628167352,2,83,16.663082263651013,1697,1184,495,18,161234,95.01119622863878,4,0,0,0
cassioandrade4011,Cássio Andrade 4011,PSB,PA,0,-0.427,14954.922775601566,2,71,16.562262051748824,1787,1371,408,8,195094,109.17403469501959,2,1,0,0
VicentinhoJr,Vicentinho Júnior,PP,TO,0,0.51,16323.803358778627,2,62,16.505641560661548,3275,2970,297,8,102775,31.38167938931298,4,0,0,0
deputadohildorocha,Hildo Rocha,MDB,MA,0,0.137,31186.393655371307,2,81,16.420918143883927,1387,441,927,19,113507,81.83633741888968,2,2,0,0
mariarosas.oficial,Maria Rosas,REPUBLICANOS,SP,1,0.55,106164.98305084746,2,71,16.152033430547938,2183,1822,351,10,313267,143.50297755382502,3,0,0,0
lafayetteandrada,Lafayette Andrada,REPUBLICANOS,MG,1,0.55,50118.078269824924,2,84,15.972682408840697,971,686,275,10,137014,141.10607621009268,7,1,0,0
silvio.costafilhoi,Silvio Costa Filho,REPUBLICANOS,PE,0,0.55,103624.34487734488,2,72,15.637102876568745,2772,2426,318,28,446901,161.21969696969697,2,1,0,0
SheridanRR,Shéridan,PSDB,RR,1,0.157,76264.2072072072,2,73,14.797216701603597,1665,1398,264,3,374303,224.8066066066066,12,1,0,0
dulcepaganimiranda,Dulce Miranda,MDB,TO,0,0.137,18702.17964071856,2,59,14.613539286010832,1839,1454,335,50,115614,62.8678629690049,0,0,0,0
BenesLeocadioRN,Benes Leocádio,REPUBLICANOS,RN,1,0.55,14815.839740620657,2,47,14.093525261976492,2159,1978,180,1,199789,92.53774895785085,0,0,0,0
deputadobacelar,Bacelar,PV,BA,0,-0.069,77759.14025590551,2,52,13.760897270327353,2032,1529,451,52,307743,151.44832677165354,4,3,0,0
rejaneribeiro.dias,Rejane Dias,PT,PI,0,-0.691,43009.92116538132,2,59,13.627692380582907,1167,974,190,3,361640,309.8886032562125,1,0,0,0
ruycarneiropb,Ruy Carneiro,PSC,PB,1,0.596,98282.55957161981,2,64,13.515956178672683,1494,962,499,33,350299,234.47054886211512,4,1,0,0
deputadomisaelvarella,Misael Varella,PSD,MG,1,0.296,44243.83928571428,2,58,12.896592930608602,1008,845,152,11,206410,204.7718253968254,4,0,0,0
maurobenevidesf,Mauro Benevides Filho,PDT,CE,0,-0.356,62709.7265917603,2,68,12.639155774660079,1602,1126,463,13,187097,116.7896379525593,3,0,0,0
erosbiondini,Eros Biondini,PL,MG,1,0.493,372297.3721259285,2,62,12.480327999884198,2827,1120,1690,17,3343123,1182.5691545808277,3,3,0,0
marcioalvino,Marcio Alvino,PL,SP,0,0.493,133252.74451569354,2,68,12.399711970363853,2963,2791,166,6,812730,274.2929463381708,3,0,0,0
dep.expeditonetto,Expedito Netto,PSD,RO,1,0.296,40812.04207492795,2,65,12.029388880887975,1735,1456,256,23,215107,123.98097982708934,4,0,0,0
cassioandrade40,Cássio Andrade,PSB,PA,0,-0.427,0,2,49,11.979709130243789,909,669,235,5,98433,108.2871287128713,0,0,0,0
depgilcutrim,Gil Cutrim,REPUBLICANOS,MA,0,0.55,15035.265217391305,2,56,11.804620855523694,2070,1622,383,65,87229,42.139613526570045,5,0,0,0
andreferreira.pe,André Ferreira,PL,PE,1,0.493,51801.84312537856,2,65,11.783497441916218,1651,1345,302,4,497759,301.4894003634161,3,2,0,0
mottadoscomerciarios,Motta,PL,SP,0,0.493,99380.89819004525,2,61,11.277754965679884,884,722,145,17,77454,87.61764705882354,8,1,0,0
arthurliradeputadofederal,Deputado Federal Arthur Lira,PP,AL,0,0.51,41159.35302491103,2,60,11.129736661821196,1405,1196,203,6,938021,667.6306049822064,9,0,0,0
vanderleimacris,Deputado Vanderlei Macris,PSDB,SP,0,0.157,133366.7804478427,2,48,11.09731310591825,1831,1347,441,43,773344,422.36155106499183,3,0,0,0
deputadasorayasantos,Soraya Santos,PL,RJ,0,0.493,52869.32093517535,2,61,11.026281769663347,941,617,309,15,57938,61.57066950053135,1,0,0,0
delegadofeliciolaterca,Delegado Felício Laterça,PP,RJ,1,0.51,52531.88356164384,2,47,10.589205709814015,2628,1696,886,46,717839,273.150304414003,12,9,0,0
joseharoldocathedral,Zé Haroldo Cathedral,PSD,RR,1,0.296,3213.5308056872036,2,50,10.471853502279075,365,176,186,3,39482,108.16986301369863,1,0,0,0
RaulHenryPE,Raul Henry,MDB,PE,0,0.137,71903.5560821485,2,46,10.466649862845877,1267,972,200,95,128854,101.70007892659827,10,5,0,0
AfonsoMottaOpina,Afonso Motta,PDT,RS,0,-0.356,52137.317868338556,2,51,10.16957133610235,1595,1288,255,52,318124,199.45078369905957,4,1,0,0
wladimirgarotinhoo,Wladimir Garotinho,PSD,RJ,0,0.296,119894.60694789082,2,48,10.106369013362315,4030,3046,929,55,3095760,768.1786600496278,1,0,0,0
ChristianeYared,Christiane Yared,PP,PR,1,0.51,75250.75118110236,2,42,10.087142694654846,1270,981,205,84,201644,158.7748031496063,1,1,0,0
fernandofilhope,Fernando Filho,DEM,PE,0,0.431,33270.339393939394,2,52,9.973036499495967,1487,1230,255,2,173172,116.45729657027572,3,0,0,0
dep.eliborges,Eli Borges,PL,TO,1,0.493,5650.166939443535,2,47,9.608726554042534,611,415,190,6,26422,43.243862520458265,3,2,0,0
davidbrsoares,David Soares,DEM,SP,1,0.431,157357.26405998928,2,50,9.537152294212577,1867,1604,251,12,924854,495.36904124263526,8,5,0,0
ottoalencaroficial,Otto Alencar,PSD,BA,0,0.296,60732.5081300813,2,32,9.480148383473976,1476,729,740,7,622897,422.0169376693767,3,1,0,0
nishimoriluiz,Luiz Nishimori,PSD,PR,1,0.296,39451.84308510638,2,38,9.008120416804822,752,595,147,10,60055,79.86037234042553,3,0,0,0
boscocostase,Bosco Costa,PL,SE,0,0.493,5728.187448389761,2,46,8.730058617457736,1211,1032,162,17,28165,23.257638315441785,0,0,0,0
deputadofederalzesilva,Deputado Federal Zé Silva,SOLIDARIEDADE,MG,0,0.19,61009.519526891316,2,37,8.612386994073336,4605,3120,1200,285,385496,83.71248642779588,8,0,0,0
augusto.coutinho,Augusto Coutinho,REPUBLICANOS,PE,0,0.55,67153.1717557252,2,33,8.51103622197023,1310,1096,189,25,164927,125.89847328244275,2,0,0,0
vavamartinsoficial,Vavá,REPUBLICANOS,PA,1,0.55,158528.92071611254,2,35,8.197993211868871,3128,1902,1119,107,4848942,1550.173273657289,10,4,0,0
ClarissaGarotinhoRJ,Clarissa Garotinho,PROS,RJ,1,0.19,191055.74512123005,2,36,7.7384612107338295,1691,1061,490,140,875379,517.669426374926,5,4,1,0
eduardodafonte,Eduardo da Fonte,PP,PE,0,0.51,64360.12937062937,2,37,7.6785408816336105,858,719,132,7,128565,149.84265734265733,0,0,0,0
depsandroalex,Sandro Alex,PSD,SP,0,0.296,73988.65742024966,2,44,7.622288018678824,1442,1062,377,3,587693,407.55409153952843,0,0,0,0
DepSilas,Silas Câmara 1010,REPUBLICANOS,AM,1,0.55,267121.80794142495,2,23,7.146093223126999,3551,2799,685,67,398066,112.09969022810476,5,5,0,0
canzianiluisa,Luísa Canziani,PSD,PR,0,0.296,43539.93045897079,2,27,6.921621125123322,1438,857,560,21,165883,115.35674547983311,1,0,0,0
dep.alinegurgel,Aline Gurgel,REPUBLICANOS,AM,1,0.55,17801.440153207786,2,14,6.86459002797848,3134,2430,649,55,253305,80.82482450542437,2,0,0,0
drhirangoncalves,Dr. Hiran Gonçalves,PP,RR,0,0.51,29963.061876757864,2,18,6.849065862479513,3911,2823,1001,87,712483,182.1741242648939,5,0,0,0
RobertoAlvesRepublicanos,Roberto Alves Republicanos,REPUBLICANOS,SP,1,0.55,106356.93765857194,2,12,6.7013903538808215,2761,2130,404,227,178147,64.52263672582397,5,1,0,0
andredepaulaoficial,André de Paula,PSD,PE,0,0.296,22762.073181419808,2,26,6.120359987825067,2282,2035,225,22,168755,73.95048203330411,1,0,0,0
alanrickoficial,Alan Rick,DEM,AC,1,0.431,29449.204827586207,2,18,6.06428454637645,2900,2381,413,106,578792,199.58344827586208,7,2,1,0
Luizcarlosjr45,Luiz Carlos,PSDB,AP,0,0.157,14761.558411214954,2,33,5.739800722493674,428,371,55,2,56913,132.97429906542055,0,0,0,0
deputadoediolopes,Deputado Edio Lopes,PL,RR,0,0.493,24199.271762208067,2,28,5.497267598670456,1413,992,385,36,81402,57.609341825902334,0,0,0,0
deputadobiolchi,Márcio Biolchi,MDB,RS,1,0.137,41745.175182481755,2,28,5.207067673238735,1233,1204,20,9,136901,111.0308191403082,3,0,0,0
depjuliocesarribeiro,Julio Cesar Ribeiro,REPUBLICANOS,DF,1,0.55,64849.66751484309,2,21,5.156246409104102,8253,6090,2073,90,2171802,263.1530352599055,13,7,0,0
dagobertonogueirams,Dagoberto Nogueira,PSDB,MS,0,0.157,28393.26146010187,2,25,5.030086970902948,3534,2643,735,156,317628,89.87775891341256,8,4,0,0
juninhodopneu01,Juninho Do Pneu,DEM,RJ,0,0.431,43235.132592298534,2,18,4.939623714866087,2519,2366,135,18,429563,170.52917824533546,4,0,0,0
juniorferrarideputado,Júnior Ferrari,PSD,PA,1,0.296,23509.435684647302,2,26,4.757551472692358,1205,956,246,3,273991,227.37842323651452,3,1,0,0
gustavofruet,Gustavo Fruet,PDT,PR,0,-0.356,124522.23379081875,2,20,4.741536716775756,2113,1473,540,100,468552,221.74727875059156,6,0,0,0
aroldomartinsoficial,Aroldo Martins,REPUBLICANOS,PR,1,0.55,77224.0425925926,2,13,4.7068343111309705,4402,3279,1010,113,470841,106.96069968196275,13,8,0,0
marceloaro,Marcelo Aro,PP,MG,0,0.51,69393.670995671,2,28,4.652197470121011,924,625,287,12,469339,507.9426406926407,1,0,0,0
FredCostaDeputado,Fred Costa,PATRIOTA,MG,1,0.455,55595.32786885246,2,25,4.583978590182115,1281,1127,148,6,3263347,2547.4996096799377,0,0,0,0
drleonardomt,Dr. Leonardo,REPUBLICANOS,MT,0,0.55,24429.702821869487,2,15,4.294717364974692,2268,1618,589,61,307145,135.42548500881836,5,1,0,0
MagdaMofatto.Goias,Magda Mofatto,PL,GO,1,0.493,129328.88153998026,2,21,4.104619024139712,2026,1490,533,3,1921361,948.3519249753208,6,3,0,0
Priante1555,José Priante,MDB,PA,0,0.137,48837.36056931998,2,23,4.082618487784795,1897,1016,854,27,315409,166.26726410121245,0,0,0,0
deputadoluciomosquini,Lucio Mosquini,MDB,RO,1,0.137,23090.97366030881,2,14,4.079506567934136,2202,1632,505,65,359743,163.37102633969118,6,3,0,0
marcospereira1010,Marcos Pereira 1010,REPUBLICANOS,SP,1,0.55,419589.76501079916,2,9,4.041355470776623,2315,1525,621,169,1148430,496.0820734341253,10,1,0,0
deputadarosangelagomes,Rosangela Gomes,REPUBLICANOS,RJ,1,0.55,87502.1293634497,2,12,3.974444607943967,5845,4867,828,150,827781,141.62207014542344,14,1,0,0
edilaziojunior,Edilazio Júnior,PSD,MA,0,0.296,22996.491651205935,2,16,3.883533207265533,1617,1170,335,112,161468,99.856524427953,5,1,0,0
professorjoziel,Professor Joziel,PATRIOTA,RJ,1,0.455,55010.48721659431,2,22,3.7952893266224925,2076,1620,425,31,574049,276.51685934489404,7,3,0,0
prpaulobengtson,Paulo Bengtson,PTB,PA,1,0.455,22271.047916666666,2,18,3.780203174990707,480,287,162,31,139573,290.77708333333334,2,1,0,0
diegoandrademg,Diego Andrade,PSD,MG,1,0.296,47444.42917103883,2,11,3.7507004350265643,953,656,296,1,159633,167.50577124868835,2,1,0,0
rubenspereirajrs,Rubens Jr,PT,MA,0,-0.691,60658.41947194719,2,11,3.718759684476306,3030,1795,943,292,648406,213.9953795379538,9,4,0,0
gilbertoabramo,Gilberto Abramo,REPUBLICANOS,MG,1,0.55,46974.349959116924,2,12,3.3985753551906615,1223,888,265,70,68338,55.877350776778414,7,0,0,0
silviacristina.ro,Silvia Cristina,PL,RO,1,0.493,18708.208256880735,2,13,3.1423444202454025,3289,2615,626,48,452173,137.48038917604134,4,2,0,0
DepJuscelinoFilho,Juscelino Filho,DEM,SP,0,0.431,215082.85570934255,2,11,3.0946910965496133,2890,2420,411,59,181356,62.752941176470586,3,0,0,0
celiosilveiradeputadogo,Deputado Célio Silveira,MDB,GO,1,0.137,20486.96016646849,2,16,2.9760592324927493,1683,1513,167,3,152258,90.46821152703505,4,1,0,0
deputadocajado,Cláudio Cajado,PP,BA,1,0.51,32020.367311072056,2,12,2.9197615089269195,2276,1526,750,0,181893,79.91783831282953,6,1,0,0
OsiresDamaso,Osires Damaso,PSC,TO,1,0.596,16299.022515907978,2,4,2.870538385037866,2043,1374,464,205,99206,48.558981889378366,4,1,0,0
welitonpradodeputado,Weliton Prado,PROS,MG,1,0.19,114795.56448763251,2,16,2.8656595664710864,1132,939,164,29,678106,599.0335689045936,0,0,0,0
DepJhonatanJesus,Jhonatan de Jesus,REPUBLICANOS,RR,0,0.55,19045.82552504039,2,13,2.823966867162747,619,346,258,15,79077,127.74959612277867,3,1,0,0
helioleitepa,Helio Leite,DEM,NotAvailable,1,0.431,21196.50158982512,2,4,2.6738358202429753,1258,1020,235,3,226963,180.41573926868045,1,0,0,0
efraimfilho,Efraim Filho,DEM,PB,0,0.431,57203.85801393728,2,3,2.597204904291253,2296,1599,551,146,208156,90.6602787456446,1,0,0,0
carlosgomesdep,Carlos Gomes,REPUBLICANOS,RS,1,0.55,45001.465069186634,2,11,2.555833625837812,2963,2364,418,181,460120,155.28855889301383,11,1,0,0
pauloazi,Paulo Azi,DEM,BA,0,0.431,25386.33565217391,2,7,2.422773545327898,575,515,41,19,69348,120.60521739130435,0,0,0,0
luizaogoulartpr,Luizão Goulart,SOLIDARIEDADE,PR,0,0.19,50151.21005385996,2,4,2.385978805919122,2228,1499,462,267,950080,426.427289048474,8,1,0,0
flaviaperes.df,Flávia Arruda,PL,DF,0,0.493,29664.807247494216,2,9,2.2686894104190136,1298,802,478,18,388475,299.2873651771957,1,0,0,0
lucasvergiliogo,Lucas Vergilio,SOLIDARIEDADE,GO,0,0.19,39087.84409799555,2,6,2.189564151338904,449,374,45,30,25644,57.11358574610245,1,0,0,0
fernandomonteirope,Fernando Monteiro,PP,PE,0,0.51,22416.122302158274,2,7,2.1548295256073944,834,625,196,13,55621,66.69184652278177,1,0,0,0
geovaniadesaa,Geovania de Sá,PSDB,SC,1,0.157,70264.39038262668,2,8,2.134733139847234,1934,1639,231,64,464964,240.41571871768355,3,1,0,0
deputadoJesusSergio12,Deputado Jesus Sérgio,PDT,AC,1,-0.356,7927.5503617139675,2,4,2.024857797324632,1797,1354,316,127,98439,54.779632721202006,1,0,0,0
emidinhomadeira,Emidinho Madeira,PL,MG,1,0.493,30297.95563770795,2,12,1.917652888883926,2708,1843,841,24,645930,238.52658788774002,3,1,0,0
RobertoPessoaOficial,Roberto Pessoa,PSDB,SP,0,0.157,33281.32554257095,2,6,1.8835708175535102,1797,1339,387,71,298344,166.02337228714524,1,0,0,0
leurlomantojr,Leur Lomanto Junior,DEM,BA,1,0.431,24322.940163934425,2,5,1.8570379041852167,1221,1087,124,10,72361,59.26371826371826,4,2,0,0
WalterAlves1511,Walter Pereira Alves,MDB,RN,0,0.137,21833.56046383214,2,6,1.742982458437859,1813,1467,269,77,252974,139.53337010479868,4,0,0,0
depafonsohamm,Afonso Hamm,PP,RS,0,0.51,73750.66348973606,2,2,1.6673955146276418,1364,998,243,123,534088,391.5601173020528,0,0,0,0
depfederaltiagodimas,Tiago Dimas,PODEMOS,TO,1,NA,9122.394152046783,2,3,1.650065345294115,855,526,230,99,51587,60.33567251461988,0,0,0,0
AecioNevesOficial,Aécio Neves,PSDB,MG,0,0.157,3634513.5134099615,2,9,1.6260121587911,261,141,43,77,272330,1043.4099616858236,0,0,0,0
DrMauroNazif,Dr Mauro Nazif,PSB,RR,1,-0.427,18490.414820473645,2,5,1.5959014640414222,1311,829,463,19,249525,190.33180778032036,0,0,0,0
charlles.evangelista,Charlles Evangelista,PP,MG,1,0.51,118955.58155688623,2,4,1.5507004179906623,4175,2576,1192,407,3574131,856.0792814371257,11,2,0,0
elmarnascimento,Elmar Nascimento,DEM,BA,0,0.431,27904.02566037736,2,5,1.4397337130561514,1325,1103,179,43,98060,74.00754716981132,1,0,0,0
fernandogiacobo,Fernando Giacobo,PL,PR,0,0.493,38144.5,2,2,1.4141702291455291,1726,1444,249,33,190456,110.34530706836617,10,2,0,0
DomingosNetoCeara,Domingos Neto,PSD,CE,0,0.296,48191.71205007825,2,5,1.4098628623446514,1917,1452,447,18,405392,211.47209181012,2,0,0,0
marcelonilodep,Deputado Marcelo Nilo,REPUBLICANOS,BA,0,0.55,87229.11457708458,2,8,1.3795537512135982,1667,1190,476,1,109798,65.86562687462508,3,0,0,0
depchiquinhobrazao,Dep Chiquinho Brazão,AVANTE,RJ,0,0.455,60966.56378344742,2,6,1.2771240495198117,1607,1280,256,71,388174,241.5519601742377,4,0,0,0
dep.jessicasales,Jéssica Sales,MDB,AC,1,0.137,19136.708069620254,2,3,1.2564952509373648,1461,1120,316,25,358429,245.33127994524298,1,1,0,0
HerculanoPassos,Herculano Passos,REPUBLICANOS,SP,0,0.55,128873.43426724138,2,5,1.1550298000469774,929,692,200,37,258702,278.4736275565124,3,0,0,0
albuquerque.aj,AJ Albuquerque,PP,CE,0,0.51,18485.16987179487,2,3,1.0489619662476035,312,255,56,1,57963,185.77884615384616,1,0,0,0
aluisiomendesma,Aluisio Mendes,REPUBLICANOS,MA,1,0.55,14614.202089337175,2,4,1.0362270463958005,2776,2392,380,4,159885,57.595461095100866,8,5,0,0
soumararocha,Mara Rocha,MDB,AC,1,0.137,15666.398773006134,2,2,1.0053514930039462,1956,1252,399,305,541430,276.80470347648264,17,8,4,0
PastorStefanoAguiar,Stefano Aguiar,PSD,MG,1,0.296,53073.606837606836,2,2,0.9821834134156939,702,537,163,2,58592,83.46438746438747,4,3,0,0
profdorinha,Professora Dorinha,DEM,TO,0,0.431,21798.420664206642,2,3,0.9718928872078099,2168,1435,674,59,105040,48.450184501845015,5,0,0,0
RicardoBarrosOficial,Ricardo Barros,PP,PR,1,0.51,64725.634204275535,2,2,0.9006132589295406,2526,2111,357,58,1065705,421.89429928741094,5,1,0,0
dravandamilani.ac,Vanda Milani,PROS,AC,1,0.19,0,2,3,0.8895139436646455,102,52,19,31,9661,94.7156862745098,0,0,0,0
marcosaureliosampaio,Marcos Aurélio Sampaio,PSDB,PI,0,0.157,10481.612162162162,2,2,0.870197254834528,740,695,45,0,41372,55.90810810810811,0,0,0,0
olivalmarquesoficial,Deputado Olival Marques,MDB,PA,1,0.137,24105.738181818182,2,2,0.8322215928682124,825,731,93,1,115098,139.51272727272726,1,1,0,0
alexandreserfiotis,Alexandre Serfiotis,PSD,RJ,0,0.296,93855.46998180715,2,3,0.7768146750252524,1764,1258,484,22,755817,428.46768707482994,0,0,0,0
pedrobezerradep,Pedro Bezerra,PDT,CE,0,-0.356,16170.937803692907,2,4,0.6928419709810058,1029,785,165,79,63500,61.71039844509232,0,0,0,0
pedrocloficial,Pedro Cunha Lima,PSDB,PB,0,0.157,93145.51174289246,2,4,0.6366976346118943,809,471,324,14,440434,544.4177997527812,1,0,0,0
julianlemospb,Julian Lemos,PSL,PB,1,0.803,51589.53303964758,2,1,0.6249961439169678,1589,801,532,256,226788,142.72372561359344,1,1,0,0
DraMarinaPeloPiaui,Dra Marina,REPUBLICANOS,PI,1,0.55,11888.034074074074,2,2,0.6079452041340192,675,594,66,15,63356,93.86074074074074,1,0,0,0
gustinhoribeiro,Gustinho Ribeiro,REPUBLICANOS,SE,0,0.55,15836.490765171504,2,2,0.5491715967946502,379,336,43,0,18111,47.78627968337731,1,0,0,0
fabioreispsd,Fábio Reis,PSD,SE,1,0.296,24048.26962457338,2,2,0.5458423465576389,587,472,84,31,76968,131.12095400340715,0,0,0,0
alcidesrodriguesoficial,Alcides Rodrigues,PATRIOTA,GO,0,0.455,4647.891265597148,2,2,0.5338132175348703,617,510,107,0,102390,165.9481361426256,2,0,0,0
DepMauricioRS,Deputado Maurício Dziedricki,PODEMOS,RS,1,NA,35845.22833562586,2,3,0.5225020915116187,1454,1104,239,111,388237,267.0130674002751,1,1,0,0
ricardozguidi,Ricardo Guidi,PSD,SC,1,0.296,32661.474860335195,2,3,0.5188121114099831,895,797,68,30,258716,289.068156424581,0,0,0,0
deputadoguilhermemussi,Guilherme Mussi,PP,SP,0,0.51,153649.5283911672,2,2,0.5111823903048505,634,596,37,1,118217,186.4621451104101,0,0,0,0
andrefufuca,André Fufuca,PP,MA,0,0.51,28055.034229828852,2,1,0.46864688308456354,409,332,64,13,31503,77.02444987775061,1,0,0,0
edmilsonpsol,Edmilson Rodrigues,PSOL,PA,0,-0.874,119767.92358119498,2,2,0.44786944724836686,5339,2693,1437,1209,4692326,878.8773178497846,4,0,0,0
depalexsantana,Pastor Alex Santana,REPUBLICANOS,BA,1,0.55,3825.9151624548736,2,2,0.43927011293279983,1164,946,218,0,54184,46.549828178694156,3,3,1,0
deputadojoaomarcelo,Deputado João Marcelo,MDB,MA,0,0.137,12109.727272727272,2,1,0.38323593315623783,836,659,174,3,39502,47.251196172248804,3,0,0,0
depluizantonio,Luiz Antônio Corrêa,PP,RJ,0,0.51,45375.93088857546,2,1,0.38188617744168524,1418,1062,286,70,445376,314.08744710860367,0,0,0,0
senadorlaerciooliveira,Laércio Oliveira,PP,SE,1,0.51,100479.80924287118,2,1,0.3497212038593309,3053,2479,400,174,229283,75.10088437602359,5,5,0,0
depmarrecafilho,Marreca Filho,PATRIOTA,MA,0,0.455,845.2307692307693,2,1,0.3138191955699566,364,335,28,1,10084,27.703296703296704,0,0,0,0
severinolpessoaal,Severino Pessoa,MDB,AL,1,0.137,5773.389078498293,2,1,0.3099563621729338,293,272,21,0,7240,24.7098976109215,3,0,0,0
heitorschuchoficial,Heitor Schuch,PSB,RS,1,-0.427,36203.58265139116,2,1,0.30173272232694986,1222,676,365,181,288135,235.78968903436987,7,0,0,0
frangaofederal,Hermes Frangão Parcianello,MDB,PR,0,0.137,23455.215158924206,2,1,0.23608899268158276,427,210,213,4,33569,78.61592505854802,2,0,0,0
depwellingtonroberto,Wellington Roberto,PL,PB,0,0.493,13666.881305637982,2,1,0.22075316612992402,337,271,33,33,21823,64.7566765578635,0,0,0,0
leonidascristinooficial,Leônidas Cristino,PDT,CE,0,-0.356,19522.655699721963,2,1,0.20814026135038954,2158,1862,262,34,235195,108.98748841519925,8,2,0,0
depandreabdon,André Abdon,PP,AM,0,0.51,9592.724184782608,2,1,0.17075043630216205,1472,982,479,11,181446,123.2649456521739,2,0,0,0
juniormanodep,Junior Mano,PL,CE,0,0.493,18360.370280146162,2,1,0.16920850086309405,821,723,79,19,187740,228.6723507917174,0,0,0,0
amigoneyleprevost,Ney Leprevost,PSD,PR,0,0.296,152026.19568231332,2,1,0.16470507900719722,5049,4098,772,179,1440079,285.2206377500495,11,1,0,0
hugolealdeputadofederal,Hugo Leal,PSD,RJ,1,0.296,58730.93871151653,2,1,0.1567355143245479,3508,2786,500,222,420503,119.86972633979475,6,0,0,0
deputadosergiotoledo,Sérgio Toledo,PV,AL,0,-0.069,13260.918079096045,2,1,0.15454584106840222,354,328,24,2,15690,44.32203389830509,0,0,0,0
depdimasfabiano.toledo,Deputado Federal Dimas Fabiano,PP,MG,1,0.51,48657.342264914056,2,1,0.1527371382922915,1978,1615,358,5,427763,216.26036400404448,2,1,0,0
joicehasselmann,Joice Hasselmann,PSDB,SP,0,0.157,2228949.940644654,3,265,102.58635101230522,7632,4270,3298,64,63004700,8255.33280922432,28,10,1,0
josemedeirosMT,José Medeiros,PL,MT,1,0.493,384229.8665042631,3,182,78.53693484674808,8210,4658,3392,160,45963873,5598.522898903776,114,86,3,1
DeputadoCarlosSampaio,Carlos Sampaio,PSDB,SP,0,0.157,246909.91923076924,3,209,71.36864869654005,1040,897,143,0,2758339,2652.2490384615385,4,1,0,0
drasorayamanato,Dra. Soraya Manato,PTB,ES,1,0.455,46556.31177347243,3,183,70.22836554058092,3424,2733,678,13,3233211,944.2789135514018,58,43,2,1
biakicisoficial,Bia Kicis,PL,DF,1,0.493,1058236.5629642576,3,156,70.00081313168724,11444,5877,5549,18,209605533,18315.757864383082,381,277,18,1
oficialluizlima,Luiz Lima,PL,RJ,1,0.493,116339.08145580589,3,157,64.34604709287349,3462,1427,1994,41,14444811,4172.389081455806,34,28,2,1
ZambelliOficial,Carla Zambelli,PL,SP,1,0.493,1963212.0184439973,3,145,59.67987954775565,14910,7781,6949,180,521676762,34988.38108651911,237,180,12,1
depdanielfreitas,Daniel Freitas,PL,SC,1,0.493,32015.827675118177,3,165,57.344681464361244,2328,1849,462,17,1534956,659.3453608247422,36,25,1,1
coroneltadeu,Coronel Tadeu,PL,SP,1,0.493,581924.15744400525,3,167,57.21511163299446,1518,640,868,10,4064429,2677.489459815547,14,9,0,0
joseneltooficial,José Nelto,PP,GO,0,0.51,31751.08274417387,3,189,53.27832910458546,3819,2585,1225,9,279276,73.12804399057345,31,13,2,0
luismirandausa,Luis Miranda USA,REPUBLICANOS,DF,0,0.55,3011045.2720848056,3,182,52.879711128122715,1132,530,583,19,5731520,5063.180212014135,4,3,0,0
PauloEduardoOficial,Paulo Eduardo Martins,PL,PR,1,0.493,620933.0195698166,3,141,51.86543662479414,11345,8491,2126,728,83664527,7374.572675187307,107,49,7,1
marceloramosam,Marcelo Ramos,PSD,AM,0,0.296,81512.35549431623,3,175,51.440613952207535,2903,1450,1407,46,854627,294.39441956596625,8,4,0,0
filipebarrosoficial,Filipe Barros,PL,PR,1,0.493,938789.1885778909,3,110,51.36620532046711,14148,8977,4635,536,183574471,12975.29481198756,521,303,14,1
onelsonbarbudo,Nelson Barbudo,PL,MT,1,0.493,266720.7905597111,3,102,51.01485570264976,3877,1980,1814,83,18853043,4862.791591436678,66,50,2,1
rodrigocoelhooficial,Rodrigo Coelho,PODEMOS,SC,1,NA,60690.166425470336,3,146,50.11096422221338,1382,1045,265,72,275905,199.64182344428366,12,8,1,0
RodrigoMaiaRJ,Rodrigo Maia,PSDB,RJ,0,0.157,203158.35889570552,3,142,50.01428352805432,978,576,282,120,4511148,4612.625766871166,10,8,0,0
carlosjordyoficial,Carlos Jordy,PL,RJ,1,0.493,466354.8322629077,3,119,49.732354394293026,11989,6952,4889,148,134509173,11219.382183668364,198,142,11,1
coronel.armando,Coronel Armando,PL,SC,1,0.493,41851.04291390729,3,94,48.14056120272537,3776,2797,958,21,1734478,459.3426906779661,99,83,14,1
tabataamaralSP,Tabata Amaral,PSB,SP,0,-0.427,518752.12131979695,3,141,46.85896181297087,3941,2037,1111,793,10142037,2573.4679015478305,19,12,1,0
alinesleutjes,Aline Sleutjes,PROS,PR,1,0.19,153191.93106119288,3,163,46.57761455549785,3873,2218,1628,27,8622537,2226.3199070487995,31,24,0,1
ViniciusPoit,Vinicius Poit,NOVO,SP,0,0.711,404480.01725163596,3,192,46.23070049333314,3362,2827,427,108,4513035,1342.3661511005355,10,3,0,0
bolsonaro.enb,Eduardo Bolsonaro,PL,SP,1,0.493,2865509.2691746866,3,113,43.898152247425664,7042,3727,3160,155,174553383,24787.472735018462,92,69,11,1
alexandrefrotaoficial77,Alexandre Frota,PROS,SP,0,0.19,49377.89646522235,3,130,43.0365437616391,4518,2577,1596,345,3814150,844.2120407259849,14,12,3,0
carolinerdetoni,Carol De Toni,PL,SC,1,0.493,196279.14084033613,3,93,41.37139111101783,2975,1876,1075,24,27510615,9247.265546218487,97,65,5,1
DepCoronelChrisostomo,Deputado Coronel Chrisóstomo,PL,RO,1,0.493,29461.930883957804,3,125,40.31030926057056,2815,1752,1051,12,1635403,580.9602131438721,40,32,1,1
capitaoalbertoneto,Capitão Alberto Neto,PL,AM,1,0.493,1190570.1326195272,3,137,39.83939230599283,9433,4690,4240,503,36358068,3854.348351531856,44,37,3,1
SargentoFahur10,Sargento Fahur,PSD,PR,1,0.296,4386390.171904762,3,137,39.29465189426409,4201,1954,1975,272,69361732,16510.76696024756,7,5,0,0
alexmanente,Alex Manente,CIDADANIA,SP,0,-0.014,183483.3979143798,3,112,38.868975723449964,3644,2302,375,967,5590271,1534.1029088913283,10,4,0,0
OtoniDeputadoFederal,Otoni de Paula,MDB,RJ,1,0.137,686709.1237797735,3,109,37.92758510847454,5122,2688,2239,195,46061164,8992.8082780164,37,29,2,1
enricogmisasi,Enrico Misasi,MDB,SP,1,0.137,105091.16838760921,3,165,37.191391765496874,1259,884,353,22,370990,294.6703733121525,5,0,0,0
oficialigortimo,Igor Timo,PODEMOS,MG,0,NA,62395.34956759217,3,135,36.78160642126963,2197,1267,786,144,867103,394.6759217114247,7,2,0,0
marceloalvaroantonio,Marcelo Álvaro Antônio,PL,MG,0,0.493,69128.5285198556,3,107,36.409641481481415,1385,983,395,7,746414,538.9270758122743,22,18,4,0
generalgirao,General Girão Monteiro,PL,RN,1,0.493,41696.24469881779,3,86,36.048069398878134,5329,3945,1343,41,6411715,1203.1741414899607,91,74,4,1
LeoMoraes.19,Leo Moraes,PODEMOS,RO,1,NA,92092.98869475847,3,132,35.26538236464952,1946,1288,453,205,2217355,1139.4424460431655,3,2,0,0
alexisfonteyne30,Alexis Fonteyne,NOVO,SP,1,0.711,212788.15137908916,3,116,34.34494621682817,3120,1950,1011,159,1181494,378.68397435897435,10,7,0,0
cabojunioamaral,Cabo Junio Amaral,PL,MG,1,0.493,370886.35076252726,3,95,32.76826851222197,2295,769,1499,27,8783100,3827.0588235294117,25,19,0,1
majorfabiana,Major Fabiana,PL,RJ,1,0.493,37909.54369869628,3,118,32.188685761759935,2071,1747,311,13,2008426,969.785610816031,19,13,0,1
marcelvh,Marcel van Hattem,NOVO,RS,1,0.711,645061.6778255529,3,83,31.68313815486701,3256,1301,1702,253,25968068,7975.45085995086,42,27,1,1
depfelipefrancischini,Felipe Francischini,PSL,PR,1,0.803,143062.56363636363,3,76,29.48684823783262,551,381,161,9,1388262,2519.531760435572,5,3,0,0
AleSilvaOficial,Alê Silva,REPUBLICANOS,MG,1,0.55,223806.08529839883,3,57,26.072756365642356,6871,4781,1903,187,24524121,3569.221510697133,124,91,5,1
EduardoCuryOficial,Eduardo Cury,PSDB,SP,0,0.157,136467.9080310881,3,110,25.350490238696096,1545,1033,471,41,397511,257.28867313915856,2,0,0,0
dep.lucena,Roberto de Lucena,REPUBLICANOS,SP,0,0.55,246764.09362092704,3,106,25.254380083409213,2179,1669,365,145,1214269,557.259752179899,5,5,0,0
bibonunes,Bibo Nunes,PL,RS,1,0.493,340127.1152815013,3,66,22.605663431133607,5968,2953,2408,607,41339664,6926.887399463807,83,69,3,1
depheliolopes,Helio Lopes,PSL,RJ,1,0.803,341306.90554139274,3,83,22.381317222964995,7453,4017,3316,120,30920641,4148.750972762646,20,16,1,1
PoliticoEliasVaz,Elias Vaz,PSB,GO,0,-0.427,65979.33170014698,3,92,21.166911384631963,4253,2401,988,864,1948350,458.11192099694335,10,7,1,0
professoradayanepimentel,Professora Dayane Pimentel,PSL,BA,0,0.803,226426.78101178101,3,78,20.61062848829311,1444,1178,250,16,1338155,926.7001385041551,1,1,0,0
deputadopeninha,Rogério Peninha Mendonça,MDB,SC,1,0.137,636377.7756202805,3,57,19.953123225669565,2781,1182,918,681,5154793,1853.5753326141676,5,3,0,0
samuelmoreiraregistro,Samuel Moreira,PSDB,SP,0,0.157,123326.54439403758,3,98,19.851412590655286,1543,1191,282,70,371351,240.66817887232665,3,0,0,0
sostenescavalcante,Sóstenes Cavalcante,PL,RJ,1,0.493,186217.98188803514,3,60,19.432514508184642,3644,1929,1563,152,5804815,1592.978869374314,23,17,2,1
TiagoMitraud,Tiago Mitraud,NOVO,MG,0,0.711,72861.08365384616,3,67,19.342855358299197,2080,1558,323,199,485094,233.21826923076924,8,4,1,0
renataabreu1919,Renata Abreu,PODEMOS,SP,1,NA,253868.20923076922,3,61,19.293659779145802,5526,3144,749,1633,1986788,359.53456387984073,29,5,0,0
rigonifelipe,Felipe Rigoni,PSL,ES,0,0.803,55537.124202467036,3,62,15.886394972797882,2351,1639,489,223,498755,212.14589536367504,11,0,0,0
fabiofaria.br,Fábio Faria,PSD,RN,0,0.296,67786.10017371165,3,59,14.358479495258269,1727,1323,376,28,710704,411.5251881876086,5,0,0,0
profisrael,Professor Israel,PSB,DF,0,-0.427,56358.22939504669,3,56,13.89637809760171,2463,1673,771,19,478935,194.45188794153472,21,19,4,0
loestertrutisdep,Loester Trutis,PL,MS,1,0.493,73900.66507860886,3,23,12.656080751519244,2100,1472,506,122,1329750,633.2142857142857,17,15,0,1
guilhermederrite,Guilherme Derrite,PL,SP,1,0.493,2472037.0311131957,3,36,12.47270559410746,6396,3392,2496,508,48743346,7620.9108818011255,3,1,0,0
jrbozzella,Júnior Bozzella,PSL,SP,0,0.803,24333.038838920686,3,51,12.222620572386152,2609,2047,531,31,456251,174.8758144883097,2,2,0,0
PastorMarcoFeliciano,Marco Feliciano,PL,SP,1,0.493,4351455.301415275,3,20,10.951767414699264,7844,3756,1710,2378,65018751,8288.97896481387,46,37,4,1
ChrisTonietto,Chris Tonietto,PL,RJ,1,0.493,36915.9849190095,3,45,9.892014845695165,5371,4339,963,69,2951649,549.5529696518339,21,17,0,1
DeputadoOsmarTerra,Osmar Terra,MDB,RS,1,0.137,112163.15721231766,3,41,9.71113763263849,617,322,267,28,1427056,2312.8946515397083,3,2,0,0
Dr.JazielPereira,Dr. Jaziel Pereira,PL,CE,1,0.493,13452.214435146443,3,35,9.529764981134203,956,651,296,9,227961,238.45292887029288,9,8,0,0
RodrigoAgostinhoOficial,Rodrigo Agostinho,PSB,SP,0,-0.427,118671.83882270497,3,40,9.0894994378255891,1427,927,426,74,455548,319.23475823405744,2,1,0,0
capitaoaugustooficial,Capitão Augusto,PL,SP,1,0.493,463914.4935511608,3,26,8.324358102589109,8141,5014,2340,787,23921792,2938.4340990050364,21,8,0,0
pauloganime,Paulo Ganime,NOVO,RJ,1,0.711,68986.40921052631,3,20,8.251852048772674,3040,1730,810,500,1034668,340.3513157894737,19,9,0,0
flordelisCantora,Flordelis,PSD,RJ,0,0.296,529605.6149466193,3,35,8.009452295630094,1405,702,675,28,5830510,4149.8291814946615,0,0,0,0
joaocarlosgurgel,Carlos Gurgel,PL,RJ,1,0.493,232158.95544382802,3,20,7.801475666198667,5769,3450,2272,47,11727314,2032.8157392962385,34,20,1,1
leomottafederal,Deputado Federal Leo Motta,REPUBLICANOS,MG,1,0.55,64350.968181818185,3,33,7.5453878657616915,1320,827,483,10,2573712,1949.7818181818182,5,2,0,0
paulabelmonteoficial,Paula Belmonte,CIDADANIA,DF,1,-0.014,247981.11078042327,3,21,7.239977830498985,3024,1269,1331,424,5785110,1913.0654761904761,9,6,0,0
DeputadoVitorHugo,Major Vitor Hugo,PL,GO,1,0.493,52589.66487556561,3,25,6.9986478606369396,7072,5042,2012,18,4163665,588.7535350678733,87,70,2,1
deputadojoaocampos,João Campos,PSB,PE,1,-0.427,53036.17469492614,3,20,6.541683010331587,3114,2146,679,289,577588,185.4810533076429,31,18,1,1
Depdarcidematos,Darci de Matos,PSD,SC,1,0.296,66930.93887530563,3,34,6.285216990833748,1227,821,378,28,202969,165.4189079054605,7,6,0,0
AngelaAmin11,Angela Amin,PP,SC,0,0.51,37137.98905608755,3,29,5.521460503569708,1462,1148,227,87,457085,312.6436388508892,7,5,0,0
gilson.marques.novo,Gilson Marques,NOVO,SC,1,0.711,47761.84343090538,3,13,5.231512597825967,1469,853,564,52,776425,528.5398230088496,6,3,1,0
arthur.oliveiramaia,Arthur Oliveira Maia,DEM,BA,0,0.431,119537.34532374101,3,26,5.151557066246685,1251,831,383,37,236436,188.99760191846522,6,1,0,0
lpbragancabr,Luiz Philippe de Orleans e Bragança,PL,RJ,1,0.493,602816.6739384496,3,17,5.0549232399935935,2569,1163,809,597,20350758,7921.66523939276,52,31,3,1
deputadosanderson,Deputado Sanderson,PL,RS,1,0.493,42745.42408145197,3,17,5.005444571844675,4518,3780,654,84,1840318,407.33023461708723,39,24,1,1
diegogarciapr,Diego Garcia,REPUBLICANOS,PR,1,0.55,89376.69724473258,3,17,4.898006639320791,6170,4075,1916,179,2677252,433.91442463533224,31,16,2,1
marco.bertaiolli,Marco Bertaiolli,PSD,SP,0,0.296,131883.39158211197,3,26,4.799020878121785,2661,1824,686,151,930965,349.8553175497933,1,0,0,0
adriventurasp,Adriana Ventura,NOVO,SP,0,0.711,113045.56163194444,3,12,4.617468401670429,2304,1570,642,92,508474,220.69184027777777,4,1,0,0
DanielCoelho23,Daniel Coelho,CIDADANIA,PE,0,-0.014,195389.71339563862,3,21,4.454180338961072,642,441,153,48,564929,879.9517133956386,2,1,0,0
deputadopastoreurico,Deputado Federal Pastor Eurico,PL,PE,1,0.493,56610.07530120482,3,12,4.028075639878741,664,141,480,43,190795,287.3418674698795,1,1,0,0
herciliocoelhodinizoficial,Hercílio Coelho Diniz,MDB,MG,1,0.137,62159.45777777778,3,15,3.6045716235158696,1350,1096,252,2,194966,144.41925925925926,3,1,0,0
leitesidney,Sidney Leite,PSD,AM,0,0.296,64618.37876106195,3,8,2.7559246126720165,1695,1000,670,25,883973,521.517994100295,4,1,0,0
joaquimpassarinhooficial,Joaquim Passarinho,PL,PS,1,0.493,27030.584980237156,3,11,2.6894635016189374,1518,962,475,81,286562,188.7760210803689,7,3,0,0
joaobacelaroficial,João Bacelar,PL,BA,0,0.493,19926.52095808383,3,4,2.446785315007233,167,125,17,25,3978,23.820359281437124,0,0,0,0
lucasvgonzalez,Lucas Gonzalez 3022,NOVO,MG,1,0.711,49386.54271356784,3,7,2.3791282074381144,597,447,96,54,53895,90.27638190954774,1,0,0,0
edermauropa,Delegado Éder Mauro,PL,PA,1,0.493,158582.50420168068,3,13,2.161707067442958,3245,1481,1544,220,12089993,3725.7297380585514,18,15,0,1
deputadofabioramalho4311,Fábio Ramalho,MDB,MG,0,0.137,51192.94242068155,3,8,2.1081731272757445,851,611,212,28,66596,78.25616921269095,3,0,0,0
deputadolincolnportela,Deputado Federal Lincoln Portela,PL,MG,1,0.493,118616.3469387755,3,6,2.006394387451742,539,360,174,5,2369108,4395.376623376624,10,7,0,0
AndreJanones,André Janones,AVANTE,MG,0,0.455,6117545.9295049505,3,6,1.8840171142985211,2525,1380,598,547,272698562,107999.4304950495,12,6,0,0
wilsonsantiagopb,Wilson Santiago,REPUBLICANOS,PB,0,0.55,17626.423076923078,3,4,1.679510624507126,52,43,7,2,2232,42.92307692307692,0,0,0,0
flavianomelooficial,Flaviano Melo,MDB,AC,0,0.137,11361.454411764706,3,3,1.2294789559397055,680,553,110,17,54929,80.77794117647059,1,0,0,0
generalpeternelli,General Peternelli,PSL,SP,1,0.803,119394.7598623246,3,3,1.1378811147432986,3777,2245,1289,243,2242464,593.7156473391581,2,0,0,0
evair.vieirademelo,Evair Vieira de Melo,PP,ES,1,0.51,42277.04093680441,3,4,1.1040949815419139,10333,7390,2597,346,1438283,139.19316752153296,15,7,0,0
deputadovermelho,Vermelho Deputado Federal,PL,PR,1,0.493,6418.219330855019,3,4,1.050820080898315,1130,775,195,160,173525,153.56194690265488,6,5,0,0
deputadofederaleduardobarbosa,Eduardo Barbosa,PSDB,MG,0,0.157,46625.35561497326,3,4,0.9356648311639336,1122,900,193,29,89758,79.9982174688057,0,0,0,0
DrFredericoMG,Dr. Frederico,PATRIOTA,MG,1,0.455,52751.94257854821,3,1,0.8373492243839277,923,741,156,26,889707,963.9295774647887,4,4,0,0
deputadogiovanicherini,Giovani Cherini,PL,RS,1,0.493,91676.15587797618,3,3,0.7949916208581129,5376,2745,2436,195,1471306,273.68043154761904,12,4,1,0
marianacarvalho.ro,Mariana Carvalho,REPUBLICANOS,RO,1,0.55,78245.4332810047,3,3,0.7663288723963279,3185,2510,527,148,1112218,349.20502354788067,8,2,0,0
TerezaNelmaAL,Tereza Nelma,PSD,AL,0,0.296,19621.780660377357,3,3,0.5289244175673539,848,656,172,20,138950,163.8561320754717,4,0,0,0
hydrorevivellc,Fábio Trad,PSD,MS,0,0.296,46379.61741573034,3,2,0.4731443566867259,1780,1184,537,59,340133,191.08595505617978,3,2,0,0
ValdevanNoventaOficial,Valdevan Noventa,PL,SE,0,0.493,18327.150943396227,3,2,0.3559291177238899,477,407,61,9,79778,167.24947589098534,2,0,0,0
DeputadoNilsonPinto,Nilson Pinto,PSDB,PA,0,0.157,24739.205278592377,3,1,0.3491773552766897,682,624,55,3,34929,51.21554252199414,3,1,0,0
nereucrispim,Deputado Federal Nereu Crispim,PSD,RS,0,0.296,77893.31419343263,3,1,0.3318853539845762,5573,3467,853,1253,992708,178.12811771038938,17,7,0,0
vidigalsergio,Sergio Vidigal,PDT,ES,0,-0.356,56995.77740641711,3,1,0.32823518446167754,1496,1171,286,39,825735,551.961898395722,0,0,0,0
pedrowestphalen11,Pedro Westphalen,PP,RS,0,0.51,44019.150234741785,3,1,0.20861534831175313,1066,771,201,94,321322,301.4277673545966,1,1,0,0
jaquelinecassoloficial,Jaqueline Cassol,PP,RO,1,0.51,30277.394911504423,3,1,0.16871906249209032,1808,1264,352,192,328076,181.4579646017699,8,4,0,0
TulioGadelhaOficial,Túlio Gadêlha,REDE,PE,0,-0.555,135040.58495726495,4,245,140.07122031835135,2925,2308,604,13,6342361,2168.328547008547,24,15,0,0
PauloTeixeira13,Paulo Teixeira,PT,SP,0,-0.691,320681.65429118456,4,183,135.99093171968218,12013,8014,3720,279,24018204,1999.351036377258,64,45,3,0
deputadorogeriocorreia,Rogério Correia,PT,MG,0,-0.691,176962.27036575228,4,195,127.35402930313909,9624,5773,3117,734,24128797,2507.1484829592687,57,47,5,0
ErikaKokay,Erika Kokay,PT,DF,0,-0.691,262715.0705779843,4,164,125.089696011622,6886,4195,2620,71,17318142,2514.978507115887,45,29,0,0
carlosveraspt,Carlos Veras,PT,PE,0,-0.691,25380.853228693377,4,158,124.67619640206252,7263,5386,1601,276,1301903,179.2514112625637,32,19,1,0
guimaraes13pt,José Guimarães,PT,CE,0,-0.691,269172.508130847,4,156,124.37977278480331,16244,10846,4984,414,34935507,2150.671447919232,51,25,4,0
JandiraFeghaliOficial,Jandira Feghali,PCDOB,RJ,0,-0.822,1261203.4856401384,4,174,122.44012410131337,11560,6755,3776,1029,95690483,8277.723442906574,60,32,3,0
wolneyqueirozpe,Wolney Queiroz,PDT,PE,0,-0.356,35548.765064836,4,209,121.15105855069619,1311,836,444,31,479381,365.6605644546148,9,3,0,0
DeputadaMariaDoRosario,Maria do Rosário,PT,SP,0,-0.691,411369.44717391307,4,134,119.70229429417648,9201,3902,3086,2213,17682686,1921.8221932398653,32,15,0,0
depjorgesolla,Jorge Solla,PT,BA,0,-0.691,123383.42970401692,4,183,115.60136776565581,3786,1578,1010,1198,4812195,1271.0499207606972,17,13,3,0
gleisi.hoffmann,Gleisi Hoffmann,PT,PR,0,-0.691,1535279.5505990887,4,138,114.92749086569599,17777,9813,6071,1893,120688045,6788.999549980312,87,58,5,0
deputadaaliceportugal,Alice Portugal,PCDOB,BA,0,-0.822,96387.73217223029,4,155,108.69105637716106,10335,6811,3194,330,2327396,225.19554910498306,44,33,2,0
rubensotoni,Rubens Otoni,PT,GO,0,-0.691,196541.5179801071,4,167,108.04787894430383,3921,2526,1264,131,655871,167.27135934710532,36,12,0,0
IvanValentePSOL,Ivan Valente,PSOL,SP,0,-0.874,545830.8185630416,4,143,107.54924760550281,10731,7286,2205,1240,22605395,2106.550647656323,84,68,4,0
davidmirandario12,David Miranda,PDT,RJ,0,-0.356,436427.24745713454,4,150,105.09279265245127,6884,3632,866,2386,31180393,4529.400493898896,40,30,3,0
reginaldolopesmg,Reginaldo Lopes,PT,MG,0,-0.691,133068.3939830661,4,138,103.76332209228676,5551,2624,2335,592,3232098,582.255089173122,22,12,1,0
niltotattosp,Nilto Tatto,PT,SP,0,-0.691,114199.7987974613,4,159,103.45316824091276,8981,5635,2137,1209,1028427,114.51141298296403,22,15,0,0
deputadomarcon,Deputado Marcon,PT,RS,0,-0.691,82240.87679843554,4,102,103.17786126255007,7160,4249,1999,912,3266341,456.19287709497206,22,10,1,0
afonsoflorence13,Afonso Florence,PT,BA,0,-0.691,57852.08516129032,4,99,102.30387392302354,3875,2628,1023,224,526617,135.9011612903226,10,6,0,0
deputadohenriquefontana,Henrique Fontana,PT,RS,0,-0.691,209091.59722222222,4,130,99.70191157553116,8136,2991,3075,2070,18533616,2277.976401179941,74,50,3,0
airtonfaleiropt,Airton Faleiro,PT,PA,0,-0.691,13885.849015317286,4,112,96.00562542216785,5484,2672,2162,650,888201,161.96225382932167,22,14,2,0
AlencarBraga13,Alencar Santana,PT,SP,0,-0.691,155667.02861480962,4,158,95.48408426953901,8562,3968,4367,227,9165082,1070.4370474188274,46,26,0,0
pauloguedesmg,Deputado Paulo Guedes,PT,MG,0,-0.691,65018.696202531646,4,173,95.39945684852565,2370,1030,1285,55,1019251,430.0637130801688,9,2,0,0
fernandapsol,Fernanda Melchionna,PSOL,RS,0,-0.874,178533.19606588836,4,123,95.2768158497896,12506,6694,3071,2741,17556813,1403.8711818327204,85,65,0,0
PedroUczai,Pedro Uczai,PT,SC,0,-0.691,125708.73963535014,4,97,93.92832324140383,8611,3984,3691,936,5084113,590.420740912786,31,19,4,0
DeputadoBetoFaro,Beto Faro,PT,PA,0,-0.691,16251.430776652194,4,91,92.24413687027678,4146,1843,1820,483,3452076,832.6280752532562,8,1,0,0
deputadowaldenorpereira,Waldenor Pereira,PT,BA,0,-0.691,38804.76090271424,4,111,91.34120737968557,3280,2188,847,245,420487,128.19725609756097,11,7,0,0
glauber.braga1,Glauber Braga,PSOL,RJ,0,-0.874,382413.9622437972,4,95,88.85088407731769,4636,2474,1544,618,16007471,3452.8625970664366,8,5,0,0
freixo.marcelo,Marcelo Freixo,PSB,RJ,0,-0.427,989650.2089597725,4,142,88.27164338669124,9845,5344,3025,1476,50587934,5138.439207719654,79,50,5,0
bohngass13,Elvino Bohn Gass,PT,RS,0,-0.691,279587.43635170604,4,103,86.43567460420239,7620,4451,2416,753,9805375,1286.7946194225722,41,23,1,0
jfmargarida,Margarida Salomão,PT,MG,0,-0.691,179499.6111757858,4,90,86.4305777247701,6013,2585,1726,1702,4902081,815.2471312156994,6,2,0,0
depleomonteiro,Leonardo Monteiro,PT,MG,0,-0.691,60689.23725705904,4,107,85.43218475730578,2727,1467,1090,170,527634,193.4851485148515,14,3,0,0
samia.bomfim.psol,Sâmia Bomfim,PSOL,SP,0,-0.874,561790.3577194753,4,106,84.77298196865745,9912,4905,2348,2659,37938548,3827.5371267150927,28,20,3,0
josiasgomespt,Josias Gomes,PT,BA,0,-0.691,16148.627237627237,4,197,82.19019197255169,5698,4714,965,19,67121,11.77974727974728,12,9,3,0
depchinaglia,Arlindo Chinaglia,PT,SP,0,-0.691,163408.5397381045,4,97,80.34559068069211,7713,3912,1079,2722,2284111,296.137819266174,77,62,10,0
orlandosilvasp,Orlando Silva,PCDOB,SP,0,-0.822,135670.51225101357,4,142,79.80534537733692,5674,3094,1275,1305,1436608,253.19139936552696,46,30,3,0
blogdabenedita,Benedita da Silva,PT,RJ,0,-0.691,141141.57133806386,4,142,78.93052604931763,7892,4687,2577,628,5946177,753.4436137861126,34,15,3,0
MolonRJ,Alessandro Molon,PSB,RJ,0,-0.427,368652.2708816705,4,137,77.48491362121592,5172,2008,1115,2049,14079834,2722.3190255220416,41,30,0,0
renildovcalheiros,Renildo Calheiros,PCDOB,PE,0,-0.822,21532.722352941175,4,179,76.98838972855083,1700,1027,596,77,131221,77.18882352941176,13,8,0,0
Joseairtoncirilo,José Airton Cirilo,PT,CE,0,-0.691,32748.508083140878,4,115,75.68123862389395,3897,3149,702,46,295154,75.73877341544778,14,5,0,0
rfalcao13,Rui Falcão,PT,SP,0,-0.691,197799.598937583,4,84,75.2183937044004,3765,1935,1216,614,4674735,1241.6294820717133,19,14,2,0
assiscarvalho.pt,Assis Carvalho,PT,PI,0,-0.691,90779.31317204301,4,107,74.99392773331819,2976,1824,829,323,471153,158.31754032258064,1,0,0,0
chicodangelo,Chico D'Angelo,PDT,RJ,0,-0.356,59394.2729567687,4,129,73.4632693530196,3169,1713,807,649,620031,195.6550962448722,12,6,0,0
nataliabonavides,Natália Bonavides,PT,RN,0,-0.691,60824.17481789802,4,81,68.25238543017781,6727,4545,1393,789,2746480,408.2770923145533,18,11,0,0
LidicedaMata,Lídice da Mata,PSB,BA,0,-0.427,92967.36889433886,4,91,68.10905955669956,4893,3453,863,577,677686,138.50112405477213,28,9,0,0
padilhando,Alexandre Padilha,PT,SP,0,-0.691,162776.3338150289,4,98,63.682122140783356,4844,1957,1631,1256,3273407,675.7652766308836,11,7,1,0
depzeneto,Zé Neto,PT,BA,0,-0.691,47432.66603572696,4,159,58.88702841563181,8453,5641,2731,81,1429981,169.1684609014551,9,4,1,0
odaircunhamg,Odair Cunha,PT,MG,0,-0.691,71825.77852348993,4,78,57.953762484268175,3725,2370,866,489,1290230,346.3704697986577,10,5,1,0
dep.zarattini,Carlos Zarattini,PT,SP,0,-0.691,416506.3076648417,4,83,54.525429303781195,8402,3606,4202,594,15008843,1786.3417043561058,39,31,1,0
helder.salomao.1350,Helder Salomão,PT,ES,0,-0.691,53997.925112435936,4,79,54.34556083664688,9562,6372,2156,1034,5021324,525.1332357247438,27,16,2,0
DepZeCarlosPT,Deputado Zé Carlos,PT,MA,0,-0.691,16128.505797901711,4,82,53.62638957308726,1811,1404,375,32,70040,38.67476532302595,2,1,0,0
patrusananias13,Patrus Ananias,PT,MG,0,-0.691,80875.12068965517,4,86,53.26634741735416,4002,1642,709,1651,989358,247.21589205397302,9,5,0,0
luizaerundina,Luiza Erundina,PSOL,SP,0,-0.874,392876.47575888364,4,62,48.53075034421492,6951,3515,1379,2057,9327258,1341.8584376348726,30,21,0,0
depdanielalmeida,Daniel Almeida,PCDOB,BA,0,-0.822,60759.688517831375,4,72,47.689213927960054,4852,3317,1229,306,581987,119.94785655399835,22,6,0,0
DeputadoFederalVicentinho,Deputado Federal Vicentinho,PT,SP,0,-0.691,192770.84769995857,4,63,45.475127739974056,4826,2528,1665,633,1351301,280.0043514297555,21,15,0,0
marciojerry,Márcio Jerry,PCDOB,MA,0,-0.822,28001.769696029776,4,67,41.88572587179071,6448,3627,1028,1793,600222,93.08653846153847,15,4,0,0
camilocapiberibe,Camilo Capiberibe,PSB,AM,0,-0.427,37165.01329964091,4,84,41.59363181127699,7520,3620,2468,1432,934074,124.21196808510638,41,21,2,0
pimenta13br,Paulo Pimenta,PT,RS,0,-0.691,518842.09168413695,4,58,40.81879157855684,14310,5274,6983,2053,44079300,3080.314465408805,88,57,4,0
danilocabralpe,Danilo Cabral,PSB,PE,0,-0.427,64581.578851412945,4,123,39.56302338923591,3291,2137,886,268,779305,236.7988453357642,8,4,0,0
perpetuaalmeida.acre,Perpétua Almeida,PCDOB,AC,0,-0.822,66792.03821399838,4,130,39.138321425039535,2486,1517,917,52,465358,187.19147224456958,18,7,0,0
arraes,Marília Arraes,SOLIDARIEDADE,PE,0,0.19,150584.27272727274,4,81,38.147857789156674,3982,2441,1200,341,5171605,1298.7456052235057,13,7,0,0
deputadojoaodaniel,Deputado João Daniel,PT,SE,0,-0.691,15860.63582384958,4,71,38.027882606704864,6063,3467,1882,714,287387,47.40013194788059,14,8,0,0
deputadofederalzecadirceu,Zeca Dirceu,PT,PR,0,-0.691,145004.66631799162,4,69,37.75230554098349,7649,4032,2858,759,7347451,960.5766766897634,33,10,0,0
luiziannelinsPT,Luizianne Lins,PT,CE,0,-0.691,122259.35700680272,4,58,34.31514832874422,3675,2470,984,221,2065017,561.909387755102,12,5,0,0
taliriapetronepsol,Talíria Petrone,PSOL,RJ,0,-0.874,124013.2845484222,4,57,30.695398779787254,5514,3106,1632,776,2039175,369.8177366702938,38,25,1,0
freianastaciopt,Frei Anastacio Ribeiro,PT,PB,0,-0.691,15752.649501941583,4,63,29.805569130261638,5923,2565,2008,1350,171593,28.970622995103835,15,6,1,0
nelsonpelegrino,Nelson Pelegrino,PT,BA,0,-0.691,123885.67846221058,4,48,29.78085177739636,2289,1262,590,437,708233,309.40716470074267,0,0,0,0
paulaodopt,Paulão,PT,AL,0,-0.691,26700.736496007514,4,54,27.841994504161843,4258,2933,1177,148,310682,72.96430248943166,14,10,0,0
CelioMouraTO,Célio Moura,PT,TO,0,-0.691,12958.7852398524,4,47,21.762715824117144,4231,2715,1305,211,1972265,466.14630111084847,9,3,1,0
ProfessoraRosaNeide,Professora Rosa Neide,PT,MT,0,-0.691,41019.45637583893,4,52,20.93092313080833,8046,4434,2343,1269,4230912,525.8404175988069,31,16,0,0
aureacarolina,Áurea Carolina,PSOL,MG,0,-0.874,93111.30301427816,4,45,19.38610495521962,3782,1627,635,1520,1023641,270.66129032258067,14,7,1,0
calero.rio,Marcelo Calero,PSD,RJ,0,0.296,66702.11637931035,4,40,17.77726290993441,1392,515,619,258,542675,389.8527298850575,8,4,0,0
pompeodemattospdt,Pompeo de Mattos,PDT,RS,1,-0.356,285020.99959407345,4,45,17.122424554143695,4927,2011,2224,692,3960767,803.8901968743658,20,13,0,1
padrejoao,Padre João,PT,SP,0,-0.691,130894.61265373399,4,39,14.764401136859803,7887,4589,3108,190,6013503,762.457588436668,35,17,1,0
deputadovander,Vander Loubet,PT,MS,0,-0.691,21337.23798627002,4,39,13.009095367649998,3496,2468,609,419,298258,85.31407322654462,11,1,0,0
pauloramosrio,Deputado Paulo Ramos,PDT,RJ,0,-0.356,68335.78432893717,4,41,11.59013237719661,2580,1416,1051,113,166449,64.51511627906977,14,8,0,0
depvalmir,Valmir Assunção Lula da Silva,PT,BA,0,-0.691,50853.22929405225,4,24,9.185340389057991,3599,2194,1283,122,420469,116.82939705473743,8,3,0,0
kimkataguiri,Kim Kataguiri,DEM,SP,0,0.431,1699646.3181371344,4,38,6.7806917386279215,16280,8780,3126,4374,86104503,5288.974385749386,37,23,2,0
enioverri,Enio Verri,PT,PR,0,-0.691,1166002.4956038871,4,29,5.871479311315831,2171,875,774,522,3235391,1490.2768309534777,6,2,0,0
luiz.caetanoBA,Luiz Caetano,PT,BA,0,-0.691,58673.474178403754,4,10,4.606740392324791,1704,1182,513,9,435124,255.3544600938967,1,0,0,0
ZeRicardoAM,José Ricardo,PT,AM,0,-0.691,45662.594998831504,4,9,2.721542609016603,4279,1885,1906,488,968836,226.4164524421594,5,2,0,0
jean.wyllys,Jean Wyllys,PSOL,BA,0,-0.874,1207429.9492574257,4,9,2.4087142641004284,810,621,92,97,2609512,3221.6197530864197,0,0,0,0
Dep.Joeniawapichana,Joenia Wapichana,REDE,RR,0,-0.555,23428.672265904217,4,3,1.1684352415191923,2798,1656,884,258,684732,244.72194424588992,5,1,0,0
pastorisidoriofilho,Pastor Isidório Filho,AVANTE,BA,0,0.455,74104.87318361955,4,3,0.7826875944169552,1515,1083,228,204,248706,164.16237623762376,1,0,0,0
rodrigocastroMG,Deputado Federal Rodrigo de Castro,PSDB,MG,0,0.157,84801.73672055427,4,1,0.4419660582954346,866,402,423,41,104986,121.2309468822171,0,0,0,0
felixjunior1234,Félix Mendonça Júnior,PDT,BA,0,-0.356,27022.23283082077,4,1,0.17381762805516174,597,472,115,10,31632,52.984924623115575,0,0,0,0
deputadomarioheringer,Dr. Mário Heringer,PDT,MG,0,-0.356,51566.00965517241,4,1,0.16691203685890255,2175,1494,644,37,448543,206.22666666666666,0,0,0,0
alielmachado,Aliel Machado,PV,PR,0,-0.069,75936.53293413174,5,0,0,1503,1009,437,57,708199,471.1902860944777,7,1,0,0
amaronetotv,Amaro Neto,REPUBLICANOS,ES,1,0.55,158935.7523364486,6,0,0,214,192,22,0,180905,845.3504672897196,0,0,0,0
antoniobritobahia,Antonio Brito,PSD,BA,0,0.296,13602.886917960088,7,0,0,902,823,79,0,54036,59.90687361419069,0,0,0,0
AureoRibeiroRJ,Aureo Ribeiro,SOLIDARIEDADE,RJ,0,0.19,88059.5025083612,8,0,0,1197,647,430,120,606672,506.82706766917295,0,0,0,0
nerigelleroficial,Neri Geller,PP,MT,1,0.51,15516.522482014389,9,10,2.3681945806498144,1112,561,513,38,64403,57.91636690647482,2,0,0,0
fabioschiochetoficial,Fabio Schiochet,PSL,SC,1,0.803,24008.630630630632,9,5,2.155182546798053,555,354,190,11,172976,311.66846846846846,2,2,0,0
juarezcostamt,Juarez Costa,MDB,MT,1,0.137,12926.43850931677,9,6,1.5375601414927378,1610,1045,524,41,195948,121.70683229813665,4,1,0,0
CarlosChiodini,Carlos Chiodini,MDB,SC,1,0.137,35823.72163120568,9,2,1.3730007311561765,1692,1406,267,19,539718,318.9822695035461,2,1,0,0
BetoPereiraMS,Beto Pereira,PSDB,MS,0,0.157,19649.675039246467,9,7,1.3273865722428562,637,428,145,64,113884,178.7817896389325,1,0,0,0
carlosbezerraoficial,Carlos Bezerra,MDB,MT,0,0.137,12904.717803030304,9,5,1.1534299026289832,528,464,55,9,29632,56.121212121212125,2,0,0,0
Bivaroficial,Luciano Bivar,PSL,PE,0,0.803,19428.237068965518,10,0,0,232,137,95,0,25035,107.90948275862068,1,0,0,0
BoscoSaraivaAM,Bosco Saraiva,SOLIDARIEDADE,AM,0,0.19,29043.977194492254,11,0,0,2324,965,1293,66,208953,89.91092943201377,1,0,0,0
CarmenZanottoSC,Carmen Zanotto,CIDADANIA,SC,1,-0.014,39361.98829372118,12,0,0,2819,1880,775,164,820524,291.069173465768,3,0,0,0
terezacristinams,Tereza Cristina,DEM,MS,0,0.431,66727.98217726397,13,32,11.336977046359342,2083,1061,957,65,1890153,907.4186269803168,2,0,0,0
sergiosouzaPR,Sérgio Souza,MDB,PR,1,0.137,51632.38963901901,13,11,4.684028403469217,3629,2676,749,204,448826,123.67759713419674,2,1,0,0
zevitorMG,Zé Vitor,PL,MG,1,0.493,36647.18172268908,13,10,4.60679014816692,952,674,223,55,149804,157.35714285714286,0,0,0,0
zemariogo,Zé Mário,MDB,GO,1,0.137,29064.138824618232,13,10,4.5149058826502095,2161,1620,513,28,165421,76.54835724201759,1,1,0,0
depalceumoreira,Alceu Moreira,MDB,RS,1,0.137,56113.854257425744,13,17,4.4018991688694005,2525,1189,557,779,850214,336.71841584158415,8,7,1,0
cleberverde.1010,Cleber Verde,REPUBLICANOS,MA,1,0.55,0,13,14,2.9789057801922136,673,78,17,578,5649,8.393759286775632,3,1,0,0
deputadoarnaldojardim,Deputado Arnaldo Jardim,CIDADANIA,SP,0,-0.014,122784.16670289068,13,6,2.6472383944995266,4724,3082,820,822,240768,50.96697713801863,5,0,0,0
DeputadoPedroLupion,Pedro Lupion,PP,PR,1,0.51,40357.108116677235,13,8,2.6142080871690196,3154,2149,790,215,294644,93.41915028535193,12,11,0,1
christino.aureo,Christino Áureo,PP,RJ,0,0.51,40723.52742616034,13,4,1.4373451005602886,3081,2101,785,195,259376,84.18565400843882,5,0,0,0
domingossaviomg,Domingos Sávio,PL,MG,1,0.493,82412.30952380953,13,3,0.9851936585207166,1262,678,314,270,118342,93.77337559429478,1,1,0,0
dep.cleberverde,Cleber Verde,REPUBLICANOS,MA,0,0.55,18427.10788381743,13,1,0.43060625775396805,241,196,44,1,4053,16.817427385892117,0,0,0,0
GiovaniFeltes1,Giovani Feltes,MDB,RS,1,0.137,34972.61978361669,13,2,0.3557304249017713,647,483,117,47,96673,149.41731066460588,2,1,0,0
covatti.filho,Covatti Filho,PP,RS,0,0.51,47156.06211869107,14,0,0,1803,1338,317,148,593045,328.92124237382143,4,3,0,0
danieltrzeciak45,Daniel Trzeciak,PSDB,RS,1,0.157,40911.59986413043,15,0,0,1472,914,458,100,633071,430.0754076086956,2,1,0,0
dep.eduardocosta,Eduardo Costa,PODEMOS,PA,1,NA,34911.04218362283,16,1,0.16698952264684766,2418,1633,716,69,505234,208.94706368899918,3,0,0,0
deputadonivaldoalbuquerque,Deputado Nivaldo Albuquerque,REPUBLICANOS,AL,1,0.55,8431.076923076924,16,1,0.16698952264684766,104,90,10,4,14738,141.71153846153845,0,0,0,0
depbilacpinto,Deputado Federal Bilac Pinto,DEM,MG,0,0.431,37753.16317016317,17,0,0,429,205,24,200,26359,61.442890442890445,0,0,0,0
deproberiomonteiro,Deputado Robério Monteiro,PTB,CE,0,0.455,13474.586608442503,18,0,0,1374,1318,50,6,84997,61.86098981077147,1,0,0,0
DeputadaNormaAyub,Norma Ayub,PP,ES,1,0.51,24246.74835598422,19,0,0,2281,1809,426,46,681868,298.93380096448925,2,2,0,0
deputado.atilalins,Deputado Átila Lins,PSD,AM,1,0.296,20406.150492264416,20,0,0,711,670,37,4,177357,249.44725738396625,0,0,0,0
deputadoatilalira,Átila Lira,PP,PI,0,0.51,29197.173382173383,21,0,0,819,768,51,0,35224,43.00854700854701,0,0,0,0
PauloFoletto,Paulo Foletto,PSB,ES,0,-0.427,40291.74526515151,22,2,1.4214922343215664,1056,738,302,16,114860,108.76893939393939,0,0,0,0
deputadodavitoria,Da Vitoria,PP,ES,1,0.51,24858.634146341465,22,1,0.951576402251515,2378,1757,448,173,184660,77.65349032800673,2,0,0,0
DeputadoFederalAbouAnni,Abou Anni,PSL,SP,1,0.803,125589.54125412542,23,0,0,303,236,63,4,115431,380.96039603960395,0,0,0,0
deputadofederalacaciofavacho,Acácio Favacho,MDB,AM,0,0.137,4448.9114173228345,24,1,0.1993226598369716,536,426,83,27,59783,111.53544776119404,0,0,0,0
DeputadoToninho,Deputado Toninho Wandscheer,PP,PR,1,0.51,43042.13778409091,24,1,0.1993226598369716,4224,3232,654,338,324519,76.82741477272727,12,2,0,0
deputadofederalsergiobrito,Deputado Sérgio Brito,PSD,BA,0,0.296,18491.84294871795,25,0,0,624,454,170,0,27011,43.28685897435897,0,0,0,0
DeputadoGeneciasNoronha,Deputado Federal Genecias Noronha,PL,CE,0,0.493,46334.20045045045,26,0,0,444,295,146,3,333115,750.259009009009,0,0,0,0
deputadoigorkannario,Deputado federal Igor Kannário,DEM,BA,1,0.431,23601.66208791209,27,0,0,728,597,116,15,93840,128.9010989010989,1,0,0,0
deputadojosenunes,José Nunes,PSD,BA,0,0.296,39333.95252837977,28,0,0,969,827,141,1,103572,106.88544891640866,0,0,0,0
deputadoricardoizar,Deputado Federal Ricardo Izar,REPUBLICANOS,SP,1,0.55,158357.54358974358,29,0,0,1365,700,522,143,603673,442.25128205128203,0,0,0,0
deputadoricardoteobaldo,Ricardo Teobaldo,PODEMOS,PE,1,NA,20332.782515991472,30,0,0,938,890,36,12,105222,112.17697228144989,2,0,0,0
depwagnermontes,Wagner Montes,PRB,RJ,0,NA,67882.11111111111,31,0,0,9,8,1,0,4352,483.55555555555554,0,0,0,0
ednahenriqueoficial,Edna Henrique,REPUBLICANOS,PB,1,0.55,8663.147379912663,32,0,0,916,763,133,20,101476,110.78165938864629,2,2,0,0
EuclydesPettersenOficial,Euclydes Pettersen,PSC,MG,1,0.596,40372.848575712145,33,0,0,667,508,159,0,75070,112.5487256371814,4,2,0,0
faustopinato,Fausto Pinato,PP,SP,0,0.51,135600.46348856433,34,0,0,3629,2525,865,239,553895,152.63020115734363,4,1,0,0
franciscojrgo,Francisco Jr,PSD,GO,1,0.296,35876.957436399214,35,0,0,2044,1290,607,147,176861,86.52690802348337,2,1,0,0
francocartafina11,Franco Cartafina,PP,MG,1,0.51,48965.33094812165,36,0,0,1118,802,245,71,196821,176.0474060822898,1,0,0,0
GelsonAzevedoRJ,Gelson Azevedo,PL,RJ,0,0.493,44603.81921304502,37,0,0,2821,2547,240,34,957938,339.57390996100673,2,1,0,0
geninhozuliani,Geninho Zuliani,DEM,SP,0,0.431,114558.68447981808,38,0,0,3222,2241,778,203,206881,64.2088764742396,5,0,0,0
gildemarmatoscoach,Gildemar Matos Coach,NotAvailable,NotAvailable,0,NA,0,39,0,0,8,8,0,0,78,9.75,0,0,0,0
hugomottapb,Hugo Motta,REPUBLICANOS,PB,0,0.55,46136.340770791074,40,0,0,1479,1251,217,11,182282,123.24678837052062,0,0,0,0
institutoluizflaviogomes,Luiz Flávio Gomes,PSB,SP,0,-0.427,396719.34430727025,41,0,0,729,349,276,104,966936,1326.3868312757202,0,0,0,0
joaoromaneto,João Roma,REPUBLICANOS,BA,0,0.55,39255.95041705282,42,0,0,2158,1271,479,408,1136551,526.6686746987951,0,0,0,0
Juniorlourencobonfim,Junior Lourenço,PL,MA,0,0.493,2029.4716981132076,43,0,0,61,52,8,1,3259,53.42622950819672,0,0,0,0
LeandreOficial,Leandre Dal Ponte,PSD,PR,1,0.296,40490.56893325016,44,0,0,1603,945,333,325,148717,92.77417342482845,1,0,0,0
LizianeBayer,Liziane Bayer,REPUBLICANOS,RS,1,0.55,45246.88867235079,45,0,0,4105,3467,365,273,485719,118.3237515225335,8,1,0,0
luistibeoficial,Luis Tibé,AVANTE,MG,0,0.455,44845.71120689655,46,0,0,696,503,189,4,123705,177.73706896551724,5,1,0,0
marabocaabertaparana,Boca Aberta,PROS,PR,1,0.19,438118.80124575313,47,0,0,1766,649,999,118,11127588,6301.012457531144,2,2,1,0
MarlonSantosPolitico,Marlon Santos,PL,RS,1,0.493,199208.82375478928,48,0,0,522,219,262,41,2790539,5345.860153256705,0,0,0,0
MauricioBacelarOficial,Maurício Bacelar,PV,BA,0,-0.069,15970.392761394101,49,0,0,746,634,78,34,28855,38.679624664879356,0,0,0,0
miguellombardi.deputadofederal,Miguel Lombardi,PL,SP,1,0.493,115025.73459958933,50,0,0,1948,1236,602,110,241017,123.72535934291581,2,0,0,0
onyx.lorenzoni,Onyx Lorenzoni,DEM,RS,0,0.431,362439.1286549708,51,0,0,684,282,381,21,4388088,6415.333333333333,0,0,0,0
pastorabiliosantana,Abílio Santana,PSC,BA,0,0.596,103656.6,52,0,0,11,5,5,1,1817,165.1818181818182,0,0,0,0
pedrolucasfernandesdeputadofederal,Pedro Lucas Fernandes,PTB,MA,0,0.455,30422.006451612902,53,0,0,620,511,103,6,49983,80.61774193548388,0,0,0,0
tiririca,Tiririca,PL,SP,0,0.493,2617348.7621359224,54,0,0,1442,121,1320,1,37714096,26154.019417475727,0,0,0,0
vitorlippi,Vitor Lippi,PSDB,SP,0,0.157,136177.3125191307,55,0,0,3267,1937,1255,75,725472,222.06060606060606,4,1,0,0
