Id	Label	author	party	state	PEC135	ideology_2021	mean_page_followers	louvain_community	degree	strength	total_posts	total_image_posts	total_video_posts	total_text_posts	total_engagement	mean_engagement	Q1	Q2	Q3	is_wolf
23rubensbueno	Rubens Bueno	23rubensbueno	CIDADANIA	PR	0	-0.014	61535.700364298726	1	0	0	1099	650	253	196	240810	219.11737943585078	6	1	0	0
DelegadoPablo	Delegado Pablo	DelegadoPablo	PSL	CE	1	0.803	33402.98644902987	2	258	111.24907323788364	3247	1759	1478	10	1396301	430.0280258700339	11	10	0	1
rosemodestoms	Rose Modesto	rosemodestoms	REPUBLICANOS	MS	1	0.55	60074.6026387272	2	273	111.20044507114385	2577	2026	547	4	1778162	690.0124175397749	5	1	0	0
DeputadoAndreFigueiredo	André Figueiredo	DeputadoAndreFigueiredo	PDT	CE	0	-0.356	84128.8865157794	2	253	102.73054235180295	3137	2351	696	90	800218	255.09021357985335	5	3	0	0
Drdenisbezerra	Denis Bezerra	Drdenisbezerra	PSB	CE	0	-0.427	18838.11547911548	2	248	87.89671953332027	1628	1305	315	8	169609	104.18243243243244	7	4	0	0
marceloramosam	Marcelo Ramos	marceloramosam	PSD	AM	0	0.296	81512.35549431623	2	228	84.69373529994525	2903	1450	1407	46	854627	294.39441956596625	8	4	0	0
tabataamaralSP	Tabata Amaral	tabataamaralSP	PSB	SP	0	-0.427	518752.12131979695	2	195	82.46874218212906	3941	2037	1111	793	10142037	2573.4679015478305	19	12	1	0
DeputadoNicoletti	Deputado Federal Nicoletti	DeputadoNicoletti	PSL	RR	1	0.803	26812.25	2	232	81.89348421679318	3608	2383	1217	8	679129	188.22865853658536	10	7	0	0
celsosabinooficial	Celso Sabino	celsosabinooficial	PSL	PA	0	0.803	67692.39934667211	2	220	78.5317319406695	2449	2092	351	6	277676	113.3834218048183	5	1	0	0
viniciuscarvalhooficial	Vinicius Carvalho	viniciuscarvalhooficial	REPUBLICANOS	SP	0	0.55	147431.64873127485	2	201	71.5876704824894	3271	2389	877	5	545059	166.63375114643839	6	2	0	0
FelipeCarrerasOficial	Felipe Carreras	FelipeCarrerasOficial	PSB	PE	0	-0.427	121832.25101449275	2	229	66.05386888639804	1725	1545	178	2	119227	69.11710144927537	4	1	0	0
capitaowagnersousa	Capitão Wagner	capitaowagnersousa	PROS	CE	1	0.19	335529.2484864438	2	223	65.39226684139142	3800	1984	1794	22	7402051	1947.9081578947369	14	5	0	0
LucasRedecker	Lucas Redecker	LucasRedecker	PSDB	RS	1	0.157	56125.20541494997	2	216	63.022447144481355	1702	1240	395	67	1000421	587.7914218566392	4	1	0	0
bira.dopindare	Bira do Pindaré	bira.dopindare	PSB	MA	0	-0.427	59673.998837547224	2	209	62.601421255467926	3442	2338	1074	30	490459	142.49244625217898	9	7	0	0
margaretecoelho.castro	Margarete Coelho	margaretecoelho.castro	PP	PI	0	0.51	22154.745568685375	2	202	62.11317326194929	2708	2020	682	6	126419	46.683530280649926	32	1	0	0
danilocabralpe	Danilo Cabral	danilocabralpe	PSB	PE	0	-0.427	64581.578851412945	2	170	61.527979326186035	3291	2137	886	268	779305	236.7988453357642	8	4	0	0
iracemaportella	Iracema Portella	iracemaportella	PP	PI	1	0.51	76384.09485787289	2	186	60.57540901049059	3131	2825	287	19	1124765	359.2350686681571	1	0	0	0
oficialigortimo	Igor Timo	oficialigortimo	PODEMOS	MG	0		62395.34956759217	2	180	56.61140935399283	2197	1267	786	144	867103	394.6759217114247	7	2	0	0
DeputadoTadeuAlencar	Tadeu Alencar	DeputadoTadeuAlencar	PSB	PE	0	-0.427	45157.437456324245	2	163	56.48873536673478	1431	1168	233	30	262020	183.1027253668763	7	5	0	0
deputadolourivalgomes	Lourival Gomes	deputadolourivalgomes	NOVO	RJ	1	0.711	43900.18210197711	2	178	56.1395946105536	961	791	169	1	154760	161.04058272632673	9	5	0	0
drdamiao	Dr. Damião	drdamiao	PDT	PB	0	-0.356	10851.462121212122	2	192	55.56624076275176	1056	872	182	2	48642	46.0625	1	0	0	0
enricogmisasi	Enrico Misasi	enricogmisasi	MDB	SP	1	0.137	105091.16838760921	2	196	53.35628558598399	1259	884	353	22	370990	294.6703733121525	5	0	0	0
delegadomarcelofreitas	Delegado Marcelo Freitas	delegadomarcelofreitas	PSL	MG	1	0.803	78478.31985624439	2	167	52.891509074015026	2226	1599	607	20	515811	231.7210242587601	6	3	1	0
samuelmoreiraregistro	Samuel Moreira	samuelmoreiraregistro	PSDB	SP	0	0.157	123326.54439403758	2	172	51.26418246765047	1543	1191	282	70	371351	240.66817887232665	3	0	0	0
deputadoviniciusgurgel	Vinícius Gurgel	deputadoviniciusgurgel	PL	AP	0	0.493	21292.761760242793	2	172	50.4030288846206	659	588	70	1	76735	116.44157814871016	4	0	0	0
rafaelmottarn	Rafael Motta	rafaelmottarn	PSB	RN	0	-0.427	26469.653846153848	2	157	50.371389925948286	2444	1955	488	1	325858	133.32978723404256	11	1	0	0
abiackelpaulo	Paulo Abi-Ackel	abiackelpaulo	PSDB	MG	0	0.157	60143.59713261649	2	208	50.06549618324	1395	1108	278	9	145037	103.96917562724015	8	3	0	0
idilvanoficial	Idilvan	idilvanoficial	PDT	CE	0	-0.356	16523.277326670832	2	210	49.69379419990335	1601	1150	397	54	791935	494.65021861336663	0	0	0	0
dagobertonogueirams	Dagoberto Nogueira	dagobertonogueirams	PSDB	MS	0	0.157	28393.26146010187	2	138	49.13888792435135	3534	2643	735	156	317628	89.87775891341256	8	4	0	0
MarxBeltrao	Marx Beltrão	MarxBeltrao	PP	AL	1	0.51	174819.60659898477	2	196	48.925469303799005	1970	201	1769	0	413029	209.65939086294415	2	2	0	0
AlexandreLeite.SP	Alexandre Leite	AlexandreLeite.SP	DEM	SP	0	0.431	118683.5485799701	2	206	48.57521110739482	2007	1450	546	11	330464	164.65570503238663	4	1	0	0
baleia.rossi	Baleia Rossi	baleia.rossi	MDB	SP	0	0.137	159373.83945841392	2	214	47.576386869833016	2586	1972	596	18	881524	340.88321732405257	6	1	0	0
ClarissaGarotinhoRJ	Clarissa Garotinho	ClarissaGarotinhoRJ	PROS	RJ	1	0.19	191055.74512123005	2	148	47.23686319886933	1691	1061	490	140	875379	517.669426374926	5	4	1	0
pinheirinhomg	Pinheirinho Deputado Federal	pinheirinhomg	PP	MG	0	0.51	21735.753753753754	2	170	47.117868466477475	666	515	147	4	225157	338.0735735735736	0	0	0	0
AdrianoDoBaldyOficial	Dep. Adriano do Baldy	AdrianoDoBaldyOficial	PP	GO	0	0.51	19512.018989034503	2	155	45.22388538766761	3740	3302	433	5	155071	41.46283422459893	4	0	0	0
lafayetteandrada	Lafayette Andrada	lafayetteandrada	REPUBLICANOS	MG	1	0.55	50118.078269824924	2	177	45.03403655563983	971	686	275	10	137014	141.10607621009268	7	1	0	0
ottacinascimento	Ottaci	ottacinascimento	SOLIDARIEDADE	RR	1	0.19	5764.859570661896	2	184	44.318543814251136	1153	797	346	10	289741	251.29314830875975	4	2	0	0
depjefferson	Dep Pr Jefferson Campos	depjefferson	PL	SP	1	0.493	307856.56742179074	2	182	44.073405652813264	1855	1385	468	2	433497	233.6911051212938	7	1	0	0
profmarcivania	Professora Marcivânia	profmarcivania	PCDOB	AP	0	-0.822	15704.038222222222	2	151	43.737083679433866	1125	689	412	24	314330	279.40444444444444	1	1	1	0
betorosado1111	Beto Rosado	betorosado1111	PP	RN	0	0.51	28925.515555555554	2	165	43.44759558404088	1800	1227	573	0	265158	147.31	3	0	0	0
fabioabreu.oficial	Fábio Abreu	fabioabreu.oficial	PSD	PI	0	0.296	39149.67832538421	2	173	43.25430560147319	1887	1475	412	0	273094	144.7239003709592	1	0	0	0
DepGonzagaPatriota	Gonzaga Patriota	DepGonzagaPatriota	PSB	PE	0	-0.427	26477.71842843779	2	143	43.15931082839513	1069	594	474	1	138878	129.9139382600561	3	1	0	0
MosesRodriguesOficial	Moses Rodrigues	MosesRodriguesOficial	MDB	CE	1	0.137	36336.108263933376	2	168	42.34076473838542	1561	1328	220	13	287295	184.04548366431774	5	3	0	0
eduardobraide	Eduardo Braide	eduardobraide	PSD	MA	0	0.296	71869.77659574468	2	188	42.262487945756654	2068	1108	954	6	1440938	696.7785299806576	2	0	0	0
profisrael	Professor Israel	profisrael	PSB	DF	0	-0.427	56358.22939504669	2	119	41.63367688275079	2463	1673	771	19	478935	194.45188794153472	21	19	4	0
DelegadoAntonioFurtado	Delegado Antonio Furtado	DelegadoAntonioFurtado	PSL	RJ	1	0.803	67891.08443485298	2	144	40.94932721900885	3708	2198	1455	55	1386512	373.9244875943905	14	9	0	0
depaguinaldoribeiro	Aguinaldo Ribeiro	depaguinaldoribeiro	PP	PB	0	0.51	10820.147991543341	2	174	40.79680456726744	946	677	267	2	58553	61.895348837209305	2	0	0	0
greyce.elias	Greyce Elias	greyce.elias	AVANTE	MG	1	0.455	42551.221980413495	2	121	40.668019508033524	919	644	268	7	179373	195.18280739934713	3	3	0	0
jhc	JHC	jhc	PSB	AL	0	-0.427	77546.63680623175	2	181	40.58978153902063	2054	1568	478	8	652494	317.6699123661149	0	0	0	0
renataabreu1919	Renata Abreu	renataabreu1919	PODEMOS	SP	1		253868.20923076922	2	117	40.52479106100446	5526	3144	749	1633	1986788	359.53456387984073	29	5	0	0
joaocampospsb	João Campos	joaocampospsb	REPUBLICANOS	GO	0	0.55	102914.66300562551	2	191	40.49218320248348	3733	2173	1532	28	2656300	711.5724618269488	3	0	0	0
CelinaLeaoDf	Celina Leão	CelinaLeaoDf	PP	DF	1	0.51	136102.9572387344	2	152	40.4037134728342	5255	3422	1625	208	5240662	997.271550903901	4	0	0	0
mariarosas.oficial	Maria Rosas	mariarosas.oficial	REPUBLICANOS	SP	1	0.55	106164.98305084746	2	129	40.157277656347006	2183	1822	351	10	313267	143.50297755382502	3	0	0	0
EduardoCuryOficial	Eduardo Cury	EduardoCuryOficial	PSDB	SP	0	0.157	136467.9080310881	2	142	39.437127262539704	1545	1033	471	41	397511	257.28867313915856	2	0	0	0
RaulHenryPE	Raul Henry	RaulHenryPE	MDB	PE	0	0.137	71903.5560821485	2	106	37.49975983296298	1267	972	200	95	128854	101.70007892659827	10	5	0	0
flaviamorais1212	Flávia Morais	flaviamorais1212	PDT	GO	0	-0.356	79652.69239052405	2	114	37.00584592832623	2786	2515	260	11	1102723	395.80868628858576	3	0	0	0
eduardobismarckce	Eduardo Bismarck	eduardobismarckce	PDT	CE	0	-0.356	21293.543842364532	2	118	35.65534246420865	3045	2340	641	64	393514	129.2328407224959	13	3	0	0
rio.pedropaulo	Pedro Paulo	rio.pedropaulo	PSD	RJ	0	0.296	92343.750740584	2	163	34.9703252081096	2363	1608	741	14	419207	177.40457046127804	11	6	0	0
glaustindafokus	Glaustin da Fokus	glaustindafokus	PSC	GO	1	0.596	23420.00137299771	2	122	34.903607704169644	2185	1743	434	8	324274	148.4091533180778	14	3	0	0
miltonvieiraoficial	Milton Vieira	miltonvieiraoficial	REPUBLICANOS	SP	0	0.55	140216.92980705257	2	134	34.80162591301707	3006	2241	760	5	1157438	385.04258150365933	5	3	0	0
fabiogov55	Fábio Mitidieri	fabiogov55	PSD	SE	0	0.296	19543.004363001746	2	127	34.7127957950007	2292	1765	514	13	152581	66.57111692844677	1	0	0	0
jorgebrazoficial	Jorge Braz	jorgebrazoficial	REPUBLICANOS	RJ	1	0.55	23973.34703196347	2	127	34.70938930020089	2847	1759	1085	3	451142	158.46224095539165	12	6	0	0
deputadohildorocha	Hildo Rocha	deputadohildorocha	MDB	MA	0	0.137	31186.393655371307	2	127	33.878418786363724	1387	441	927	19	113507	81.83633741888968	2	2	0	0
elcionebarbalh0	Elcione Barbalho	elcionebarbalh0	MDB	PA	0	0.137	52163.73645598194	2	129	33.83510967600474	3544	2936	607	1	521903	147.26382618510158	12	0	0	0
farah.vinicius	Vinicius Farah	farah.vinicius	MDB	RJ	0	0.137	55082.28641801548	2	162	33.539977836761636	1421	1044	369	8	305675	215.11259676284305	3	0	0	0
celio.studart	Célio Studart	celio.studart	PSD	CE	0	0.296	666106.1496657948	2	140	33.002014772402184	3441	2490	940	11	9485907	2756.7297297297296	2	0	0	0
depgilcutrim	Gil Cutrim	depgilcutrim	REPUBLICANOS	MA	0	0.55	15035.265217391305	2	110	32.345729719692415	2070	1622	383	65	87229	42.139613526570045	5	0	0	0
delegadofeliciolaterca	Delegado Felício Laterça	delegadofeliciolaterca	PP	RJ	1	0.51	52531.88356164384	2	120	32.273143790457745	2628	1696	886	46	717839	273.150304414003	12	9	0	0
flavionogueirapi	Flávio Nogueira	flavionogueirapi	PT	PI	0	-0.691	25021.771786492376	2	130	31.88441632075793	1836	1611	203	22	104325	56.821895424836605	2	0	0	0
BrunaFurlanDeputadaEstadual	Bruna Furlan Deputada Estadual	BrunaFurlanDeputadaEstadual	PSDB	SP	0	0.157	183801.96919431278	2	150	31.624893877955692	844	619	192	33	492210	583.1872037914692	2	0	0	0
oficialraimundocosta	Raimundo Costa	oficialraimundocosta	PODEMOS	BA	0		4645.918561607615	2	139	31.575625351011322	1914	1501	412	1	120642	63.03134796238245	0	0	0	0
cassioandrade4011	Cássio Andrade 4011	cassioandrade4011	PSB	PA	0	-0.427	14954.922775601566	2	107	31.133337439341293	1787	1371	408	8	195094	109.17403469501959	2	1	0	0
VicentinhoJr	Vicentinho Júnior	VicentinhoJr	PP	TO	0	0.51	16323.803358778627	2	116	30.43906038988084	3275	2970	297	8	102775	31.38167938931298	4	0	0	0
altineucortesrj	Altineu Côrtes	altineucortesrj	PL	RJ	0	0.493	53065.27113702624	2	143	29.735690977731057	1029	783	224	22	314330	305.4713313896987	5	1	0	0
RonaldoCarlettoOficial	Ronaldo Carletto	RonaldoCarlettoOficial	PP	BA	0	0.51	23402.48416289593	2	123	29.715178248851856	2211	1821	379	11	51034	23.08186341022162	2	0	0	0
rejaneribeiro.dias	Rejane Dias	rejaneribeiro.dias	PT	PI	0	-0.691	43009.92116538132	2	99	29.12507605918686	1167	974	190	3	361640	309.8886032562125	1	0	0	0
davidbrsoares	David Soares	davidbrsoares	DEM	SP	1	0.431	157357.26405998928	2	116	28.87293262826275	1867	1604	251	12	924854	495.36904124263526	8	5	0	0
emanuelpinheiromt	Emanuel Pinheiro	emanuelpinheiromt	MDB	MT	1	0.137	59716.6200265252	2	151	28.813271866751585	1508	749	744	15	935764	620.5331564986737	1	0	0	0
vanderleimacris	Deputado Vanderlei Macris	vanderleimacris	PSDB	SP	0	0.157	133366.7804478427	2	99	28.59789018229682	1831	1347	441	43	773344	422.36155106499183	3	0	0	0
doutorluizinho	Dr. Luizinho	doutorluizinho	PP	RJ	0	0.51	71219.52109500805	2	119	28.210460179180124	3106	2148	907	51	775510	249.68126207340632	0	0	0	0
fabiohenriquese	Fábio Henrique	fabiohenriquese	PDT	SE	0	-0.356	14082.213194868662	2	141	27.912868976593977	1637	1132	503	2	87501	53.452046426389735	4	0	0	0
vavamartinsoficial	Vavá	vavamartinsoficial	REPUBLICANOS	PA	1	0.55	158528.92071611254	2	85	27.860809652374304	3128	1902	1119	107	4848942	1550.173273657289	10	4	0	0
sebastiaooliveirape	Sebastião Oliveira	sebastiaooliveirape	AVANTE	PE	0	0.455	20468.478578892373	2	136	27.80585006042154	957	789	165	3	149584	156.30512016718913	0	0	0	0
AngelaAmin11	Angela Amin	AngelaAmin11	PP	SC	0	0.51	37137.98905608755	2	89	27.57679314489038	1462	1148	227	87	457085	312.6436388508892	7	5	0	0
VilsondaFetaemg	Vilson da Fetaemg	VilsondaFetaemg	PSB	MG	0	-0.427	9195.140049140049	2	106	27.557923720922137	457	309	142	6	153614	336.13566739606125	0	0	0	0
RosanaValleOficial	Rosana Valle	RosanaValleOficial	PL	SP	1	0.493	239213.2302433689	2	118	27.514852476400772	3657	2275	1304	78	7648142	2091.3705222860267	10	4	0	0
GutembergReisOficial	Gutemberg Reis	GutembergReisOficial	MDB	RS	1	0.137	55004.996229260934	2	132	27.037838817790515	3978	2980	988	10	656040	164.91704374057315	5	2	0	0
deputadopaulofreire	Deputado Paulo Freire Costa	deputadopaulofreire	PL	SP	0	0.493	118406.29530638852	2	114	26.987318990387323	1535	1347	169	19	191296	124.62280130293159	0	0	0	0
ProfessorAlcidesoficial	Professor Alcides	ProfessorAlcidesoficial	PL	GO	1	0.493	35715.945182323114	2	114	26.86722790895646	4141	3509	628	4	284012	68.58536585365853	2	0	0	0
Ossesio.Silva	Ossesio Silva	Ossesio.Silva	REPUBLICANOS	PE	1	0.55	44034.73774905762	2	81	26.512103826403457	3714	3015	681	18	382211	102.91087775982768	11	1	0	0
deputadobacelar	Bacelar	deputadobacelar	PV	BA	0	-0.069	77759.14025590551	2	85	26.456476034575182	2032	1529	451	52	307743	151.44832677165354	4	3	0	0
danielacarneirooficial	Daniela Carneiro	danielacarneirooficial	MDB	RJ	0	0.137	27620.849839113336	2	118	26.245281114487746	2798	2439	341	18	1270605	454.1118656182988	3	0	0	0
dep.ledasadala	Leda Sadala	dep.ledasadala	PP	AP	0	0.51	6078.0344632768365	2	108	25.432548190733147	1819	1438	369	12	192973	106.08741066520066	1	1	0	0
ChristianeYared	Christiane Yared	ChristianeYared	PP	PR	1	0.51	75250.75118110236	2	82	25.423832495804497	1270	981	205	84	201644	158.7748031496063	1	1	0	0
dep.expeditonetto	Expedito Netto	dep.expeditonetto	PSD	RO	1	0.296	40812.04207492795	2	104	24.689939943034965	1735	1456	256	23	215107	123.98097982708934	4	0	0	0
FernandoRodolfoTV	Fernando Rodolfo	FernandoRodolfoTV	PL	PE	0	0.493	83218.18527918782	2	116	24.604946718292492	788	352	395	41	1758863	2232.0596446700506	0	0	0	0
ruycarneiropb	Ruy Carneiro	ruycarneiropb	PSC	PB	1	0.596	98282.55957161981	2	93	23.862247565201656	1494	962	499	33	350299	234.47054886211512	4	1	0	0
BenesLeocadioRN	Benes Leocádio	BenesLeocadioRN	REPUBLICANOS	RN	1	0.55	14815.839740620657	2	81	23.073365505536085	2159	1978	180	1	199789	92.53774895785085	0	0	0	0
arthurliradeputadofederal	Deputado Federal Arthur Lira	arthurliradeputadofederal	PP	AL	0	0.51	41159.35302491103	2	91	22.59748380436184	1405	1196	203	6	938021	667.6306049822064	9	0	0	0
deputadosubtenentegonzaga	Subtenente Gonzaga	deputadosubtenentegonzaga	PSD	MG	1	0.296	47266.653944020356	2	98	22.54831474550342	1572	869	617	86	176159	112.06043256997455	5	1	0	0
mario.negromontejunior	Mário Negromonte Júnior	mario.negromontejunior	PP	BA	0	0.51	28093.37029831388	2	111	22.177720484727857	1542	1354	185	3	77153	50.03437094682231	2	0	0	0
deputadasorayasantos	Soraya Santos	deputadasorayasantos	PL	RJ	0	0.493	52869.32093517535	2	96	22.131972660528433	941	617	309	15	57938	61.57066950053135	1	0	0	0
CacaLeaoOficial	Cacá Leão	CacaLeaoOficial	PP	BA	1	0.51	40552.85163204748	2	102	21.647520061842954	1348	1202	140	6	84336	62.56379821958457	0	0	0	0
dulcepaganimiranda	Dulce Miranda	dulcepaganimiranda	MDB	TO	0	0.137	18702.17964071856	2	80	21.525535355086845	1839	1454	335	50	115614	62.8678629690049	0	0	0	0
mottadoscomerciarios	Motta	mottadoscomerciarios	PL	SP	0	0.493	99380.89819004525	2	106	21.452323556628297	884	722	145	17	77454	87.61764705882354	8	1	0	0
rigonifelipe	Felipe Rigoni	rigonifelipe	PSL	ES	0	0.803	55537.124202467036	2	76	21.26963137161976	2351	1639	489	223	498755	212.14589536367504	11	0	0	0
cassioandrade40	Cássio Andrade	cassioandrade40	PSB	PA	0	-0.427	0	2	81	21.206881350833324	909	669	235	5	98433	108.2871287128713	0	0	0	0
dep.lucena	Roberto de Lucena	dep.lucena	REPUBLICANOS	SP	0	0.55	246764.09362092704	2	92	20.50505917989741	2179	1669	365	145	1214269	557.259752179899	5	5	0	0
silvio.costafilhoi	Silvio Costa Filho	silvio.costafilhoi	REPUBLICANOS	PE	0	0.55	103624.34487734488	2	78	19.869223125618976	2772	2426	318	28	446901	161.21969696969697	2	1	0	0
charlesfernandesoficial	Charles Fernandes	charlesfernandesoficial	PSD	BA	0	0.296	16445.822628167352	2	93	19.741356187473308	1697	1184	495	18	161234	95.01119622863878	4	0	0	0
policialkatiasastre	Policial Katia Sastre	policialkatiasastre	PL	SP	1	0.493	130439.83717277487	2	103	19.183564965242546	3820	2986	794	40	1465492	383.6366492146597	16	6	0	0
drleonardomt	Dr. Leonardo	drleonardomt	REPUBLICANOS	MT	0	0.55	24429.702821869487	2	53	19.037020568769265	2268	1618	589	61	307145	135.42548500881836	5	1	0	0
maurobenevidesf	Mauro Benevides Filho	maurobenevidesf	PDT	CE	0	-0.356	62709.7265917603	2	87	17.419751005060053	1602	1126	463	13	187097	116.7896379525593	3	0	0	0
SheridanRR	Shéridan	SheridanRR	PSDB	RR	1	0.157	76264.2072072072	2	86	17.278072504715194	1665	1398	264	3	374303	224.8066066066066	12	1	0	0
wladimirgarotinhoo	Wladimir Garotinho	wladimirgarotinhoo	PSD	RJ	0	0.296	119894.60694789082	2	85	17.22822749087154	4030	3046	929	55	3095760	768.1786600496278	1	0	0	0
Luizcarlosjr45	Luiz Carlos	Luizcarlosjr45	PSDB	AP	0	0.157	14761.558411214954	2	84	17.073469528174787	428	371	55	2	56913	132.97429906542055	0	0	0	0
erosbiondini	Eros Biondini	erosbiondini	PL	MG	1	0.493	372297.3721259285	2	71	16.504178778756103	2827	1120	1690	17	3343123	1182.5691545808277	3	3	0	0
dep.alinegurgel	Aline Gurgel	dep.alinegurgel	REPUBLICANOS	AM	1	0.55	17801.440153207786	2	50	16.239335955052212	3134	2430	649	55	253305	80.82482450542437	2	0	0	0
AfonsoMottaOpina	Afonso Motta	AfonsoMottaOpina	PDT	RS	0	-0.356	52137.317868338556	2	74	15.785464779170688	1595	1288	255	52	318124	199.45078369905957	4	1	0	0
deputadofederalzesilva	Deputado Federal Zé Silva	deputadofederalzesilva	SOLIDARIEDADE	MG	0	0.19	61009.519526891316	2	61	15.604651421624865	4605	3120	1200	285	385496	83.71248642779588	8	0	0	0
eduardodafonte	Eduardo da Fonte	eduardodafonte	PP	PE	0	0.51	64360.12937062937	2	64	14.314712636769327	858	719	132	7	128565	149.84265734265733	0	0	0	0
andreferreira.pe	André Ferreira	andreferreira.pe	PL	PE	1	0.493	51801.84312537856	2	77	14.064392808395999	1651	1345	302	4	497759	301.4894003634161	3	2	0	0
drhirangoncalves	Dr. Hiran Gonçalves	drhirangoncalves	PP	RR	0	0.51	29963.061876757864	2	51	13.715688976868146	3911	2823	1001	87	712483	182.1741242648939	5	0	0	0
depjuliocesarribeiro	Julio Cesar Ribeiro	depjuliocesarribeiro	REPUBLICANOS	DF	1	0.55	64849.66751484309	2	37	13.577389995925863	8253	6090	2073	90	2171802	263.1530352599055	13	7	0	0
deputadomisaelvarella	Misael Varella	deputadomisaelvarella	PSD	MG	1	0.296	44243.83928571428	2	60	13.334376613972898	1008	845	152	11	206410	204.7718253968254	4	0	0	0
deputadobiolchi	Márcio Biolchi	deputadobiolchi	MDB	RS	1	0.137	41745.175182481755	2	52	13.295653213869638	1233	1204	20	9	136901	111.0308191403082	3	0	0	0
boscocostase	Bosco Costa	boscocostase	PL	SE	0	0.493	5728.187448389761	2	67	13.259482403675095	1211	1032	162	17	28165	23.257638315441785	0	0	0	0
nishimoriluiz	Luiz Nishimori	nishimoriluiz	PSD	PR	1	0.296	39451.84308510638	2	56	13.218651203462612	752	595	147	10	60055	79.86037234042553	3	0	0	0
fernandofilhope	Fernando Filho	fernandofilhope	DEM	PE	0	0.431	33270.339393939394	2	65	13.108425583670252	1487	1230	255	2	173172	116.45729657027572	3	0	0	0
marcioalvino	Marcio Alvino	marcioalvino	PL	SP	0	0.493	133252.74451569354	2	69	12.70441019233081	2963	2791	166	6	812730	274.2929463381708	3	0	0	0
augusto.coutinho	Augusto Coutinho	augusto.coutinho	REPUBLICANOS	PE	0	0.55	67153.1717557252	2	46	12.323727944317826	1310	1096	189	25	164927	125.89847328244275	2	0	0	0
joseharoldocathedral	Zé Haroldo Cathedral	joseharoldocathedral	PSD	RR	1	0.296	3213.5308056872036	2	59	12.256573301318046	365	176	186	3	39482	108.16986301369863	1	0	0	0
DepSilas	Silas Câmara 1010	DepSilas	REPUBLICANOS	AM	1	0.55	267121.80794142495	2	35	11.571160489923681	3551	2799	685	67	398066	112.09969022810476	5	5	0	0
dep.eliborges	Eli Borges	dep.eliborges	PL	TO	1	0.493	5650.166939443535	2	51	10.908244056345165	611	415	190	6	26422	43.243862520458265	3	2	0	0
canzianiluisa	Luísa Canziani	canzianiluisa	PSD	PR	0	0.296	43539.93045897079	2	50	10.906018192066504	1438	857	560	21	165883	115.35674547983311	1	0	0	0
RobertoAlvesRepublicanos	Roberto Alves Republicanos	RobertoAlvesRepublicanos	REPUBLICANOS	SP	1	0.55	106356.93765857194	2	17	10.88456062782142	2761	2130	404	227	178147	64.52263672582397	5	1	0	0
aluisiomendesma	Aluisio Mendes	aluisiomendesma	REPUBLICANOS	MA	1	0.55	14614.202089337175	2	33	10.209889503755214	2776	2392	380	4	159885	57.595461095100866	8	5	0	0
aroldomartinsoficial	Aroldo Martins	aroldomartinsoficial	REPUBLICANOS	PR	1	0.55	77224.0425925926	2	28	9.821859813677094	4402	3279	1010	113	470841	106.96069968196275	13	8	0	0
juninhodopneu01	Juninho Do Pneu	juninhodopneu01	DEM	RJ	0	0.431	43235.132592298534	2	36	9.428847831275256	2519	2366	135	18	429563	170.52917824533546	4	0	0	0
Priante1555	José Priante	Priante1555	MDB	PA	0	0.137	48837.36056931998	2	38	9.081140854189556	1897	1016	854	27	315409	166.26726410121245	0	0	0	0
deputadarosangelagomes	Rosangela Gomes	deputadarosangelagomes	REPUBLICANOS	RJ	1	0.55	87502.1293634497	2	18	9.01480210248936	5845	4867	828	150	827781	141.62207014542344	14	1	0	0
andredepaulaoficial	André de Paula	andredepaulaoficial	PSD	PE	0	0.296	22762.073181419808	2	34	8.987203294021553	2282	2035	225	22	168755	73.95048203330411	1	0	0	0
FredCostaDeputado	Fred Costa	FredCostaDeputado	PATRIOTA	MG	1	0.455	55595.32786885246	2	45	8.945757216415275	1281	1127	148	6	3263347	2547.4996096799377	0	0	0	0
DepJuscelinoFilho	Juscelino Filho	DepJuscelinoFilho	DEM	SP	0	0.431	215082.85570934255	2	29	8.488283555180661	2890	2420	411	59	181356	62.752941176470586	3	0	0	0
marceloaro	Marcelo Aro	marceloaro	PP	MG	0	0.51	69393.670995671	2	47	8.234808891630696	924	625	287	12	469339	507.9426406926407	1	0	0	0
gilbertoabramo	Gilberto Abramo	gilbertoabramo	REPUBLICANOS	MG	1	0.55	46974.349959116924	2	20	8.11463031359741	1223	888	265	70	68338	55.877350776778414	7	0	0	0
depsandroalex	Sandro Alex	depsandroalex	PSD	SP	0	0.296	73988.65742024966	2	46	8.031206393036411	1442	1062	377	3	587693	407.55409153952843	0	0	0	0
edilaziojunior	Edilazio Júnior	edilaziojunior	PSD	MA	0	0.296	22996.491651205935	2	28	7.896747631617735	1617	1170	335	112	161468	99.856524427953	5	1	0	0
geovaniadesaa	Geovania de Sá	geovaniadesaa	PSDB	SC	1	0.157	70264.39038262668	2	32	7.7503126959167234	1934	1639	231	64	464964	240.41571871768355	3	1	0	0
depchiquinhobrazao	Dep Chiquinho Brazão	depchiquinhobrazao	AVANTE	RJ	0	0.455	60966.56378344742	2	21	7.609489514047033	1607	1280	256	71	388174	241.5519601742377	4	0	0	0
diegoandrademg	Diego Andrade	diegoandrademg	PSD	MG	1	0.296	47444.42917103883	2	27	7.464635587036996	953	656	296	1	159633	167.50577124868835	2	1	0	0
herciliocoelhodinizoficial	Hercílio Coelho Diniz	herciliocoelhodinizoficial	MDB	MG	1	0.137	62159.45777777778	2	37	7.406711547123929	1350	1096	252	2	194966	144.41925925925926	3	1	0	0
gustavofruet	Gustavo Fruet	gustavofruet	PDT	PR	0	-0.356	124522.23379081875	2	26	7.243676576842735	2113	1473	540	100	468552	221.74727875059156	6	0	0	0
rubenspereirajrs	Rubens Jr	rubenspereirajrs	PT	MA	0	-0.691	60658.41947194719	2	22	7.195124869135935	3030	1795	943	292	648406	213.9953795379538	9	4	0	0
marcospereira1010	Marcos Pereira 1010	marcospereira1010	REPUBLICANOS	SP	1	0.55	419589.76501079916	2	12	7.127712442397903	2315	1525	621	169	1148430	496.0820734341253	10	1	0	0
luizaogoulartpr	Luizão Goulart	luizaogoulartpr	SOLIDARIEDADE	PR	0	0.19	50151.21005385996	2	19	7.067536661153724	2228	1499	462	267	950080	426.427289048474	8	1	0	0
deputadoluciomosquini	Lucio Mosquini	deputadoluciomosquini	MDB	RO	1	0.137	23090.97366030881	2	22	6.645639761534541	2202	1632	505	65	359743	163.37102633969118	6	3	0	0
MagdaMofatto.Goias	Magda Mofatto	MagdaMofatto.Goias	PL	GO	1	0.493	129328.88153998026	2	31	6.48339146431685	2026	1490	533	3	1921361	948.3519249753208	6	3	0	0
deputadocajado	Cláudio Cajado	deputadocajado	PP	BA	1	0.51	32020.367311072056	2	24	6.437079281181034	2276	1526	750	0	181893	79.91783831282953	6	1	0	0
professorjoziel	Professor Joziel	professorjoziel	PATRIOTA	RJ	1	0.455	55010.48721659431	2	35	6.267732011865913	2076	1620	425	31	574049	276.51685934489404	7	3	0	0
juniorferrarideputado	Júnior Ferrari	juniorferrarideputado	PSD	PA	1	0.296	23509.435684647302	2	28	6.234247501444258	1205	956	246	3	273991	227.37842323651452	3	1	0	0
marco.bertaiolli	Marco Bertaiolli	marco.bertaiolli	PSD	SP	0	0.296	131883.39158211197	2	33	6.175567819383924	2661	1824	686	151	930965	349.8553175497933	1	0	0	0
AecioNevesOficial	Aécio Neves	AecioNevesOficial	PSDB	MG	0	0.157	3634513.5134099615	2	28	5.929812636207051	261	141	43	77	272330	1043.4099616858236	0	0	0	0
marcelonilodep	Deputado Marcelo Nilo	marcelonilodep	REPUBLICANOS	BA	0	0.55	87229.11457708458	2	27	5.904159601241851	1667	1190	476	1	109798	65.86562687462508	3	0	0	0
emidinhomadeira	Emidinho Madeira	emidinhomadeira	PL	MG	1	0.493	30297.95563770795	2	30	5.611258518821802	2708	1843	841	24	645930	238.52658788774002	3	1	0	0
deputadoediolopes	Deputado Edio Lopes	deputadoediolopes	PL	RR	0	0.493	24199.271762208067	2	30	5.555883866365067	1413	992	385	36	81402	57.609341825902334	0	0	0	0
cleberverde.1010	Cleber Verde	cleberverde.1010	REPUBLICANOS	MA	1	0.55	0	2	20	5.40705665971433	673	78	17	578	5649	8.393759286775632	3	1	0	0
DraMarinaPeloPiaui	Dra Marina	DraMarinaPeloPiaui	REPUBLICANOS	PI	1	0.55	11888.034074074074	2	15	5.0062681239899165	675	594	66	15	63356	93.86074074074074	1	0	0	0
prpaulobengtson	Paulo Bengtson	prpaulobengtson	PTB	PA	1	0.455	22271.047916666666	2	20	4.428249568431655	480	287	162	31	139573	290.77708333333334	2	1	0	0
pedrocloficial	Pedro Cunha Lima	pedrocloficial	PSDB	PB	0	0.157	93145.51174289246	2	19	4.424862661278105	809	471	324	14	440434	544.4177997527812	1	0	0	0
celiosilveiradeputadogo	Deputado Célio Silveira	celiosilveiradeputadogo	MDB	GO	1	0.137	20486.96016646849	2	21	4.247941701762272	1683	1513	167	3	152258	90.46821152703505	4	1	0	0
vidigalsergio	Sergio Vidigal	vidigalsergio	PDT	ES	0	-0.356	56995.77740641711	2	14	4.042052882451255	1496	1171	286	39	825735	551.961898395722	0	0	0	0
leitesidney	Sidney Leite	leitesidney	PSD	AM	0	0.296	64618.37876106195	2	11	3.9503836175329488	1695	1000	670	25	883973	521.517994100295	4	1	0	0
silviacristina.ro	Silvia Cristina	silviacristina.ro	PL	RO	1	0.493	18708.208256880735	2	18	3.897280553492628	3289	2615	626	48	452173	137.48038917604134	4	2	0	0
flaviaperes.df	Flávia Arruda	flaviaperes.df	PL	DF	0	0.493	29664.807247494216	2	13	3.886748682128691	1298	802	478	18	388475	299.2873651771957	1	0	0	0
leurlomantojr	Leur Lomanto Junior	leurlomantojr	DEM	BA	1	0.431	24322.940163934425	2	13	3.707124455206124	1221	1087	124	10	72361	59.26371826371826	4	2	0	0
profdorinha	Professora Dorinha	profdorinha	DEM	TO	0	0.431	21798.420664206642	2	11	3.3884383814309764	2168	1435	674	59	105040	48.450184501845015	5	0	0	0
pedrobezerradep	Pedro Bezerra	pedrobezerradep	PDT	CE	0	-0.356	16170.937803692907	2	9	3.2827576950491344	1029	785	165	79	63500	61.71039844509232	0	0	0	0
charlles.evangelista	Charlles Evangelista	charlles.evangelista	PP	MG	1	0.51	118955.58155688623	2	9	3.2784952966443615	4175	2576	1192	407	3574131	856.0792814371257	11	2	0	0
felixjunior1234	Félix Mendonça Júnior	felixjunior1234	PDT	BA	0	-0.356	27022.23283082077	2	10	3.2756792144489206	597	472	115	10	31632	52.984924623115575	0	0	0	0
carlosgomesdep	Carlos Gomes	carlosgomesdep	REPUBLICANOS	RS	1	0.55	45001.465069186634	2	11	3.212078553367523	2963	2364	418	181	460120	155.28855889301383	11	1	0	0
welitonpradodeputado	Weliton Prado	welitonpradodeputado	PROS	MG	1	0.19	114795.56448763251	2	17	3.1057520254720545	1132	939	164	29	678106	599.0335689045936	0	0	0	0
HerculanoPassos	Herculano Passos	HerculanoPassos	REPUBLICANOS	SP	0	0.55	128873.43426724138	2	11	2.9986140123397496	929	692	200	37	258702	278.4736275565124	3	0	0	0
fernandomonteirope	Fernando Monteiro	fernandomonteirope	PP	PE	0	0.51	22416.122302158274	2	8	2.947565782456091	834	625	196	13	55621	66.69184652278177	1	0	0	0
elmarnascimento	Elmar Nascimento	elmarnascimento	DEM	BA	0	0.431	27904.02566037736	2	8	2.9044604960560387	1325	1103	179	43	98060	74.00754716981132	1	0	0	0
DepJhonatanJesus	Jhonatan de Jesus	DepJhonatanJesus	REPUBLICANOS	RR	0	0.55	19045.82552504039	2	12	2.874416923089334	619	346	258	15	79077	127.74959612277867	3	1	0	0
deputadofabioramalho4311	Fábio Ramalho	deputadofabioramalho4311	MDB	MG	0	0.137	51192.94242068155	2	12	2.8459867058822934	851	611	212	28	66596	78.25616921269095	3	0	0	0
lucasvergiliogo	Lucas Vergilio	lucasvergiliogo	SOLIDARIEDADE	GO	0	0.19	39087.84409799555	2	10	2.822092932200651	449	374	45	30	25644	57.11358574610245	1	0	0	0
GiovaniFeltes1	Giovani Feltes	GiovaniFeltes1	MDB	RS	1	0.137	34972.61978361669	2	10	2.8007976242334656	647	483	117	47	96673	149.41731066460588	2	1	0	0
pauloazi	Paulo Azi	pauloazi	DEM	BA	0	0.431	25386.33565217391	2	7	2.6197946366746447	575	515	41	19	69348	120.60521739130435	0	0	0	0
RobertoPessoaOficial	Roberto Pessoa	RobertoPessoaOficial	PSDB	SP	0	0.157	33281.32554257095	2	6	2.441963238438701	1797	1339	387	71	298344	166.02337228714524	1	0	0	0
DrMauroNazif	Dr Mauro Nazif	DrMauroNazif	PSB	RR	1	-0.427	18490.414820473645	2	7	2.2844662447407798	1311	829	463	19	249525	190.33180778032036	0	0	0	0
DomingosNetoCeara	Domingos Neto	DomingosNetoCeara	PSD	CE	0	0.296	48191.71205007825	2	6	2.0215607646865634	1917	1452	447	18	405392	211.47209181012	2	0	0	0
depfederaltiagodimas	Tiago Dimas	depfederaltiagodimas	PODEMOS	TO	1		9122.394152046783	2	3	1.9699015802836102	855	526	230	99	51587	60.33567251461988	0	0	0	0
WalterAlves1511	Walter Pereira Alves	WalterAlves1511	MDB	RN	0	0.137	21833.56046383214	2	5	1.775939039377816	1813	1467	269	77	252974	139.53337010479868	4	0	0	0
DepMauricioRS	Deputado Maurício Dziedricki	DepMauricioRS	PODEMOS	RS	1		35845.22833562586	2	5	1.731350446616921	1454	1104	239	111	388237	267.0130674002751	1	1	0	0
pedrolucasfernandesdeputadofederal	Pedro Lucas Fernandes	pedrolucasfernandesdeputadofederal	PTB	MA	0	0.455	30422.006451612902	2	6	1.6744351641419617	620	511	103	6	49983	80.61774193548388	0	0	0	0
olivalmarquesoficial	Deputado Olival Marques	olivalmarquesoficial	MDB	PA	1	0.137	24105.738181818182	2	4	1.6068758136657162	825	731	93	1	115098	139.51272727272726	1	1	0	0
julianlemospb	Julian Lemos	julianlemospb	PSL	PB	1	0.803	51589.53303964758	2	5	1.586414558784294	1589	801	532	256	226788	142.72372561359344	1	1	0	0
senadorlaerciooliveira	Laércio Oliveira	senadorlaerciooliveira	PP	SE	1	0.51	100479.80924287118	2	5	1.3799203622000233	3053	2479	400	174	229283	75.10088437602359	5	5	0	0
PastorStefanoAguiar	Stefano Aguiar	PastorStefanoAguiar	PSD	MG	1	0.296	53073.606837606836	2	4	1.344973285393242	702	537	163	2	58592	83.46438746438747	4	3	0	0
depandreabdon	André Abdon	depandreabdon	PP	AM	0	0.51	9592.724184782608	2	4	1.3122427391887619	1472	982	479	11	181446	123.2649456521739	2	0	0	0
fernandogiacobo	Fernando Giacobo	fernandogiacobo	PL	PR	0	0.493	38144.5	2	3	1.2521824786179958	1726	1444	249	33	190456	110.34530706836617	10	2	0	0
efraimfilho	Efraim Filho	efraimfilho	DEM	PB	0	0.431	57203.85801393728	2	3	1.1459185411077097	2296	1599	551	146	208156	90.6602787456446	1	0	0	0
alexandreserfiotis	Alexandre Serfiotis	alexandreserfiotis	PSD	RJ	0	0.296	93855.46998180715	2	5	1.143543890830971	1764	1258	484	22	755817	428.46768707482994	0	0	0	0
OsiresDamaso	Osires Damaso	OsiresDamaso	PSC	TO	1	0.596	16299.022515907978	2	4	1.0952400187475175	2043	1374	464	205	99206	48.558981889378366	4	1	0	0
helioleitepa	Helio Leite	helioleitepa	DEM	NotAvailable	1	0.431	21196.50158982512	2	4	1.0858235904227787	1258	1020	235	3	226963	180.41573926868045	1	0	0	0
depafonsohamm	Afonso Hamm	depafonsohamm	PP	RS	0	0.51	73750.66348973606	2	3	1.0569025093334572	1364	998	243	123	534088	391.5601173020528	0	0	0	0
deputadoricardoizar	Deputado Federal Ricardo Izar	deputadoricardoizar	REPUBLICANOS	SP	1	0.55	158357.54358974358	2	4	1.0542799982100894	1365	700	522	143	603673	442.25128205128203	0	0	0	0
wilsonsantiagopb	Wilson Santiago	wilsonsantiagopb	REPUBLICANOS	PB	0	0.55	17626.423076923078	2	5	1.0283359292516783	52	43	7	2	2232	42.92307692307692	0	0	0	0
ricardozguidi	Ricardo Guidi	ricardozguidi	PSD	SC	1	0.296	32661.474860335195	2	4	1.0225168477461315	895	797	68	30	258716	289.068156424581	0	0	0	0
marcosaureliosampaio	Marcos Aurélio Sampaio	marcosaureliosampaio	PSDB	PI	0	0.157	10481.612162162162	2	2	0.923275723764399	740	695	45	0	41372	55.90810810810811	0	0	0	0
deputadojoaomarcelo	Deputado João Marcelo	deputadojoaomarcelo	MDB	MA	0	0.137	12109.727272727272	2	4	0.9016899635075655	836	659	174	3	39502	47.251196172248804	3	0	0	0
deputadofederaleduardobarbosa	Eduardo Barbosa	deputadofederaleduardobarbosa	PSDB	MG	0	0.157	46625.35561497326	2	4	0.8919906051639376	1122	900	193	29	89758	79.9982174688057	0	0	0	0
TerezaNelmaAL	Tereza Nelma	TerezaNelmaAL	PSD	AL	0	0.296	19621.780660377357	2	5	0.833799802503666	848	656	172	20	138950	163.8561320754717	4	0	0	0
fabioreispsd	Fábio Reis	fabioreispsd	PSD	SE	1	0.296	24048.26962457338	2	3	0.7046433297731546	587	472	84	31	76968	131.12095400340715	0	0	0	0
ednahenriqueoficial	Edna Henrique	ednahenriqueoficial	REPUBLICANOS	PB	1	0.55	8663.147379912663	2	2	0.6866643868703483	916	763	133	20	101476	110.78165938864629	2	2	0	0
GelsonAzevedoRJ	Gelson Azevedo	GelsonAzevedoRJ	PL	RJ	0	0.493	44603.81921304502	2	2	0.5919076001279678	2821	2547	240	34	957938	339.57390996100673	2	1	0	0
depwellingtonroberto	Wellington Roberto	depwellingtonroberto	PL	PB	0	0.493	13666.881305637982	2	3	0.5617211636388176	337	271	33	33	21823	64.7566765578635	0	0	0	0
albuquerque.aj	AJ Albuquerque	albuquerque.aj	PP	CE	0	0.51	18485.16987179487	2	3	0.5530691261515303	312	255	56	1	57963	185.77884615384616	1	0	0	0
leonidascristinooficial	Leônidas Cristino	leonidascristinooficial	PDT	CE	0	-0.356	19522.655699721963	2	1	0.5463718386688659	2158	1862	262	34	235195	108.98748841519925	8	2	0	0
deputadoguilhermemussi	Guilherme Mussi	deputadoguilhermemussi	PP	SP	0	0.51	153649.5283911672	2	2	0.5259781641356737	634	596	37	1	118217	186.4621451104101	0	0	0	0
gustinhoribeiro	Gustinho Ribeiro	gustinhoribeiro	REPUBLICANOS	SE	0	0.55	15836.490765171504	2	2	0.5114730611109182	379	336	43	0	18111	47.78627968337731	1	0	0	0
AureoRibeiroRJ	Aureo Ribeiro	AureoRibeiroRJ	SOLIDARIEDADE	RJ	0	0.19	88059.5025083612	2	2	0.49172006278604274	1197	647	430	120	606672	506.82706766917295	0	0	0	0
andrefufuca	André Fufuca	andrefufuca	PP	MA	0	0.51	28055.034229828852	2	1	0.4730248671303641	409	332	64	13	31503	77.02444987775061	1	0	0	0
depalexsantana	Pastor Alex Santana	depalexsantana	REPUBLICANOS	BA	1	0.55	3825.9151624548736	2	2	0.46388780980963706	1164	946	218	0	54184	46.549828178694156	3	3	1	0
dep.cleberverde	Cleber Verde	dep.cleberverde	REPUBLICANOS	MA	0	0.55	18427.10788381743	2	1	0.43652497488833975	241	196	44	1	4053	16.817427385892117	0	0	0	0
depluizantonio	Luiz Antônio Corrêa	depluizantonio	PP	RJ	0	0.51	45375.93088857546	2	1	0.42135954043081575	1418	1062	286	70	445376	314.08744710860367	0	0	0	0
ValdevanNoventaOficial	Valdevan Noventa	ValdevanNoventaOficial	PL	SE	0	0.493	18327.150943396227	2	2	0.3761034510159328	477	407	61	9	79778	167.24947589098534	2	0	0	0
depmarrecafilho	Marreca Filho	depmarrecafilho	PATRIOTA	MA	0	0.455	845.2307692307693	2	1	0.3521883439063367	364	335	28	1	10084	27.703296703296704	0	0	0	0
juarezcostamt	Juarez Costa	juarezcostamt	MDB	MT	1	0.137	12926.43850931677	2	1	0.34903233053581445	1610	1045	524	41	195948	121.70683229813665	4	1	0	0
depdimasfabiano.toledo	Deputado Federal Dimas Fabiano	depdimasfabiano.toledo	PP	MG	1	0.51	48657.342264914056	2	1	0.3371891180194376	1978	1615	358	5	427763	216.26036400404448	2	1	0	0
deputadoricardoteobaldo	Ricardo Teobaldo	deputadoricardoteobaldo	PODEMOS	PE	1		20332.782515991472	2	1	0.32303679372996663	938	890	36	12	105222	112.17697228144989	2	0	0	0
heitorschuchoficial	Heitor Schuch	heitorschuchoficial	PSB	RS	1	-0.427	36203.58265139116	2	1	0.3213203480779008	1222	676	365	181	288135	235.78968903436987	7	0	0	0
geninhozuliani	Geninho Zuliani	geninhozuliani	DEM	SP	0	0.431	114558.68447981808	2	1	0.32032939688351453	3222	2241	778	203	206881	64.2088764742396	5	0	0	0
LeandreOficial	Leandre Dal Ponte	LeandreOficial	PSD	PR	1	0.296	40490.56893325016	2	1	0.3120677733721054	1603	945	333	325	148717	92.77417342482845	1	0	0	0
antoniobritobahia	Antonio Brito	antoniobritobahia	PSD	BA	0	0.296	13602.886917960088	2	1	0.30898378965227097	902	823	79	0	54036	59.90687361419069	0	0	0	0
DeputadaNormaAyub	Norma Ayub	DeputadaNormaAyub	PP	ES	1	0.51	24246.74835598422	2	1	0.3046444478947759	2281	1809	426	46	681868	298.93380096448925	2	2	0	0
DeputadoFederalAbouAnni	Abou Anni	DeputadoFederalAbouAnni	PSL	SP	1	0.803	125589.54125412542	2	1	0.3013702286014133	303	236	63	4	115431	380.96039603960395	0	0	0	0
pedrowestphalen11	Pedro Westphalen	pedrowestphalen11	PP	RS	0	0.51	44019.150234741785	2	1	0.20901525971687943	1066	771	201	94	321322	301.4277673545966	1	1	0	0
frangaofederal	Hermes Frangão Parcianello	frangaofederal	MDB	PR	0	0.137	23455.215158924206	2	1	0.20278861675595936	427	210	213	4	33569	78.61592505854802	2	0	0	0
CarmenZanottoSC	Carmen Zanotto	CarmenZanottoSC	CIDADANIA	SC	1	-0.014	39361.98829372118	2	1	0.1636425170169844	2819	1880	775	164	820524	291.069173465768	3	0	0	0
francocartafina11	Franco Cartafina	francocartafina11	PP	MG	1	0.51	48965.33094812165	2	1	0.15577730579679128	1118	802	245	71	196821	176.0474060822898	1	0	0	0
deputadoatilalira	Átila Lira	deputadoatilalira	PP	PI	0	0.51	29197.173382173383	2	1	0.15284749885422722	819	768	51	0	35224	43.00854700854701	0	0	0	0
deputadosergiotoledo	Sérgio Toledo	deputadosergiotoledo	PV	AL	0	-0.069	13260.918079096045	2	1	0.15018506687407732	354	328	24	2	15690	44.32203389830509	0	0	0	0
joicehasselmann	Joice Hasselmann	joicehasselmann	PSDB	SP	0	0.157	2228949.940644654	3	298	136.65184268950225	7632	4270	3298	64	63004700	8255.33280922432	28	10	1	0
drluizovando	Dr. Luiz Ovando	drluizovando	PP	MS	1	0.51	22581.84512285927	3	272	110.12805088911566	2691	1868	814	9	852661	316.85655890003716	36	30	0	1
josemedeirosMT	José Medeiros	josemedeirosMT	PL	MT	1	0.493	384229.8665042631	3	225	103.44771809488316	8210	4658	3392	160	45963873	5598.522898903776	114	86	3	1
drasorayamanato	Dra. Soraya Manato	drasorayamanato	PTB	ES	1	0.455	46556.31177347243	3	233	99.10693896880248	3424	2733	678	13	3233211	944.2789135514018	58	43	2	1
ZambelliOficial	Carla Zambelli	ZambelliOficial	PL	SP	1	0.493	1963212.0184439973	3	199	88.01658985304421	14910	7781	6949	180	521676762	34988.38108651911	237	180	12	1
oficialluizlima	Luiz Lima	oficialluizlima	PL	RJ	1	0.493	116339.08145580589	3	195	86.77552623406899	3462	1427	1994	41	14444811	4172.389081455806	34	28	2	1
biakicisoficial	Bia Kicis	biakicisoficial	PL	DF	1	0.493	1058236.5629642576	3	185	86.63338388817205	11444	5877	5549	18	209605533	18315.757864383082	381	277	18	1
coroneltadeu	Coronel Tadeu	coroneltadeu	PL	SP	1	0.493	581924.15744400525	3	217	86.4325355055416	1518	640	868	10	4064429	2677.489459815547	14	9	0	0
depdanielfreitas	Daniel Freitas	depdanielfreitas	PL	SC	1	0.493	32015.827675118177	3	204	81.94980496156808	2328	1849	462	17	1534956	659.3453608247422	36	25	1	1
rodrigocoelhooficial	Rodrigo Coelho	rodrigocoelhooficial	PODEMOS	SC	1		60690.166425470336	3	199	80.96349533703543	1382	1045	265	72	275905	199.64182344428366	12	8	1	0
DeputadoCarlosSampaio	Carlos Sampaio	DeputadoCarlosSampaio	PSDB	SP	0	0.157	246909.91923076924	3	224	78.78604820984644	1040	897	143	0	2758339	2652.2490384615385	4	1	0	0
luismirandausa	Luis Miranda USA	luismirandausa	REPUBLICANOS	DF	0	0.55	3011045.2720848056	3	215	77.78589816450972	1132	530	583	19	5731520	5063.180212014135	4	3	0	0
joseneltooficial	José Nelto	joseneltooficial	PP	GO	0	0.51	31751.08274417387	3	221	75.75010140142001	3819	2585	1225	9	279276	73.12804399057345	31	13	2	0
coronel.armando	Coronel Armando	coronel.armando	PL	SC	1	0.493	41851.04291390729	3	156	75.65332740909393	3776	2797	958	21	1734478	459.3426906779661	99	83	14	1
alinesleutjes	Aline Sleutjes	alinesleutjes	PROS	PR	1	0.19	153191.93106119288	3	216	73.9417781492044	3873	2218	1628	27	8622537	2226.3199070487995	31	24	0	1
alexandrefrotaoficial77	Alexandre Frota	alexandrefrotaoficial77	PROS	SP	0	0.19	49377.89646522235	3	180	73.20740080800458	4518	2577	1596	345	3814150	844.2120407259849	14	12	3	0
ViniciusPoit	Vinicius Poit	ViniciusPoit	NOVO	SP	0	0.711	404480.01725163596	3	224	69.21138147772719	3362	2827	427	108	4513035	1342.3661511005355	10	3	0	0
generalgirao	General Girão Monteiro	generalgirao	PL	RN	1	0.493	41696.24469881779	3	162	67.90416620250643	5329	3945	1343	41	6411715	1203.1741414899607	91	74	4	1
onelsonbarbudo	Nelson Barbudo	onelsonbarbudo	PL	MT	1	0.493	266720.7905597111	3	139	66.97948887603583	3877	1980	1814	83	18853043	4862.791591436678	66	50	2	1
carlosjordyoficial	Carlos Jordy	carlosjordyoficial	PL	RJ	1	0.493	466354.8322629077	3	150	66.27115929775734	11989	6952	4889	148	134509173	11219.382183668364	198	142	11	1
DepCoronelChrisostomo	Deputado Coronel Chrisóstomo	DepCoronelChrisostomo	PL	RO	1	0.493	29461.930883957804	3	188	66.12765579420291	2815	1752	1051	12	1635403	580.9602131438721	40	32	1	1
RodrigoMaiaRJ	Rodrigo Maia	RodrigoMaiaRJ	PSDB	RJ	0	0.157	203158.35889570552	3	165	65.59602112240903	978	576	282	120	4511148	4612.625766871166	10	8	0	0
delegado.waldir	Delegado Waldir	delegado.waldir	PSL	GO	0	0.803	888923.7066521265	3	199	64.03491856890021	2751	720	2028	3	11397021	4142.864776444929	1	0	0	0
filipebarrosoficial	Filipe Barros	filipebarrosoficial	PL	PR	1	0.493	938789.1885778909	3	131	63.121008623231695	14148	8977	4635	536	183574471	12975.29481198756	521	303	14	1
LeoMoraes.19	Leo Moraes	LeoMoraes.19	PODEMOS	RO	1		92092.98869475847	3	183	62.528763951339755	1946	1288	453	205	2217355	1139.4424460431655	3	2	0	0
OtoniDeputadoFederal	Otoni de Paula	OtoniDeputadoFederal	MDB	RJ	1	0.137	686709.1237797735	3	140	61.62283131442477	5122	2688	2239	195	46061164	8992.8082780164	37	29	2	1
capitaoalbertoneto	Capitão Alberto Neto	capitaoalbertoneto	PL	AM	1	0.493	1190570.1326195272	3	174	58.7884175344214	9433	4690	4240	503	36358068	3854.348351531856	44	37	3	1
depheliolopes	Helio Lopes	depheliolopes	PSL	RJ	1	0.803	341306.90554139274	3	143	56.85508333406047	7453	4017	3316	120	30920641	4148.750972762646	20	16	1	1
PauloEduardoOficial	Paulo Eduardo Martins	PauloEduardoOficial	PL	PR	1	0.493	620933.0195698166	3	151	55.93510805096374	11345	8491	2126	728	83664527	7374.572675187307	107	49	7	1
marceloalvaroantonio	Marcelo Álvaro Antônio	marceloalvaroantonio	PL	MG	0	0.493	69128.5285198556	3	147	55.68204566287556	1385	983	395	7	746414	538.9270758122743	22	18	4	0
bolsonaro.enb	Eduardo Bolsonaro	bolsonaro.enb	PL	SP	1	0.493	2865509.2691746866	3	140	55.49566148760069	7042	3727	3160	155	174553383	24787.472735018462	92	69	11	1
TiagoMitraud	Tiago Mitraud	TiagoMitraud	NOVO	MG	0	0.711	72861.08365384616	3	145	54.47675037863998	2080	1558	323	199	485094	233.21826923076924	8	4	1	0
alexisfonteyne30	Alexis Fonteyne	alexisfonteyne30	NOVO	SP	1	0.711	212788.15137908916	3	157	51.96948677247843	3120	1950	1011	159	1181494	378.68397435897435	10	7	0	0
carolinerdetoni	Carol De Toni	carolinerdetoni	PL	SC	1	0.493	196279.14084033613	3	109	50.66665871053241	2975	1876	1075	24	27510615	9247.265546218487	97	65	5	1
SargentoFahur10	Sargento Fahur	SargentoFahur10	PSD	PR	1	0.296	4386390.171904762	3	158	49.2503214113596	4201	1954	1975	272	69361732	16510.76696024756	7	5	0	0
sostenescavalcante	Sóstenes Cavalcante	sostenescavalcante	PL	RJ	1	0.493	186217.98188803514	3	116	49.05007101374916	3644	1929	1563	152	5804815	1592.978869374314	23	17	2	1
majorfabiana	Major Fabiana	majorfabiana	PL	RJ	1	0.493	37909.54369869628	3	140	48.857831465207035	2071	1747	311	13	2008426	969.785610816031	19	13	0	1
cabojunioamaral	Cabo Junio Amaral	cabojunioamaral	PL	MG	1	0.493	370886.35076252726	3	126	47.36193283708292	2295	769	1499	27	8783100	3827.0588235294117	25	19	0	1
alexmanente	Alex Manente	alexmanente	CIDADANIA	SP	0	-0.014	183483.3979143798	3	125	46.80122781309386	3644	2302	375	967	5590271	1534.1029088913283	10	4	0	0
PoliticoEliasVaz	Elias Vaz	PoliticoEliasVaz	PSB	GO	0	-0.427	65979.33170014698	3	147	45.30324221999452	4253	2401	988	864	1948350	458.11192099694335	10	7	1	0
marcelvh	Marcel van Hattem	marcelvh	NOVO	RS	1	0.711	645061.6778255529	3	106	42.66611688134353	3256	1301	1702	253	25968068	7975.45085995086	42	27	1	1
AleSilvaOficial	Alê Silva	AleSilvaOficial	REPUBLICANOS	MG	1	0.55	223806.08529839883	3	81	36.74102134267764	6871	4781	1903	187	24524121	3569.221510697133	124	91	5	1
deputadopeninha	Rogério Peninha Mendonça	deputadopeninha	MDB	SC	1	0.137	636377.7756202805	3	93	34.62188624711328	2781	1182	918	681	5154793	1853.5753326141676	5	3	0	0
depfelipefrancischini	Felipe Francischini	depfelipefrancischini	PSL	PR	1	0.803	143062.56363636363	3	84	33.897109906107914	551	381	161	9	1388262	2519.531760435572	5	3	0	0
jrbozzella	Júnior Bozzella	jrbozzella	PSL	SP	0	0.803	24333.038838920686	3	97	33.18765207102622	2609	2047	531	31	456251	174.8758144883097	2	2	0	0
fabiofaria.br	Fábio Faria	fabiofaria.br	PSD	RN	0	0.296	67786.10017371165	3	109	31.34405321978044	1727	1323	376	28	710704	411.5251881876086	5	0	0	0
professoradayanepimentel	Professora Dayane Pimentel	professoradayanepimentel	PSL	BA	0	0.803	226426.78101178101	3	107	29.72782383229411	1444	1178	250	16	1338155	926.7001385041551	1	1	0	0
flordelisCantora	Flordelis	flordelisCantora	PSD	RJ	0	0.296	529605.6149466193	3	79	26.472992190365897	1405	702	675	28	5830510	4149.8291814946615	0	0	0	0
leomottafederal	Deputado Federal Leo Motta	leomottafederal	REPUBLICANOS	MG	1	0.55	64350.968181818185	3	58	26.144786783926808	1320	827	483	10	2573712	1949.7818181818182	5	2	0	0
loestertrutisdep	Loester Trutis	loestertrutisdep	PL	MS	1	0.493	73900.66507860886	3	49	25.614774714103795	2100	1472	506	122	1329750	633.2142857142857	17	15	0	1
pauloganime	Paulo Ganime	pauloganime	NOVO	RJ	1	0.711	68986.40921052631	3	66	25.465171808867993	3040	1730	810	500	1034668	340.3513157894737	19	9	0	0
edermauropa	Delegado Éder Mauro	edermauropa	PL	PA	1	0.493	158582.50420168068	3	65	24.9329856178999	3245	1481	1544	220	12089993	3725.7297380585514	18	15	0	1
bibonunes	Bibo Nunes	bibonunes	PL	RS	1	0.493	340127.1152815013	3	73	22.305290997110205	5968	2953	2408	607	41339664	6926.887399463807	83	69	3	1
guilhermederrite	Guilherme Derrite	guilhermederrite	PL	SP	1	0.493	2472037.0311131957	3	58	19.941775576760726	6396	3392	2496	508	48743346	7620.9108818011255	3	1	0	0
RodrigoAgostinhoOficial	Rodrigo Agostinho	RodrigoAgostinhoOficial	PSB	SP	0	-0.427	118671.83882270497	3	85	19.478626802823932	1427	927	426	74	455548	319.23475823405744	2	1	0	0
depalceumoreira	Alceu Moreira	depalceumoreira	MDB	RS	1	0.137	56113.854257425744	3	55	18.240195964127707	2525	1189	557	779	850214	336.71841584158415	8	7	1	0
paulabelmonteoficial	Paula Belmonte	paulabelmonteoficial	CIDADANIA	DF	1	-0.014	247981.11078042327	3	53	18.199092697126783	3024	1269	1331	424	5785110	1913.0654761904761	9	6	0	0
joaocarlosgurgel	Carlos Gurgel	joaocarlosgurgel	PL	RJ	1	0.493	232158.95544382802	3	42	18.198300054137995	5769	3450	2272	47	11727314	2032.8157392962385	34	20	1	1
arthur.oliveiramaia	Arthur Oliveira Maia	arthur.oliveiramaia	DEM	BA	0	0.431	119537.34532374101	3	63	17.255763523847637	1251	831	383	37	236436	188.99760191846522	6	1	0	0
ChrisTonietto	Chris Tonietto	ChrisTonietto	PL	RJ	1	0.493	36915.9849190095	3	69	16.513614720430496	5371	4339	963	69	2951649	549.5529696518339	21	17	0	1
Depdarcidematos	Darci de Matos	Depdarcidematos	PSD	SC	1	0.296	66930.93887530563	3	62	15.324698528495949	1227	821	378	28	202969	165.4189079054605	7	6	0	0
PastorMarcoFeliciano	Marco Feliciano	PastorMarcoFeliciano	PL	SP	1	0.493	4351455.301415275	3	28	14.416530507397935	7844	3756	1710	2378	65018751	8288.97896481387	46	37	4	1
DeputadoOsmarTerra	Osmar Terra	DeputadoOsmarTerra	MDB	RS	1	0.137	112163.15721231766	3	59	14.128206613218373	617	322	267	28	1427056	2312.8946515397083	3	2	0	0
deputadosanderson	Deputado Sanderson	deputadosanderson	PL	RS	1	0.493	42745.42408145197	3	40	13.93148006939974	4518	3780	654	84	1840318	407.33023461708723	39	24	1	1
capitaoaugustooficial	Capitão Augusto	capitaoaugustooficial	PL	SP	1	0.493	463914.4935511608	3	37	11.908458497722522	8141	5014	2340	787	23921792	2938.4340990050364	21	8	0	0
gilson.marques.novo	Gilson Marques	gilson.marques.novo	NOVO	SC	1	0.711	47761.84343090538	3	29	10.513489344509345	1469	853	564	52	776425	528.5398230088496	6	3	1	0
deputadojoaocampos	João Campos	deputadojoaocampos	PSB	PE	1	-0.427	53036.17469492614	3	32	10.074249160297102	3114	2146	679	289	577588	185.4810533076429	31	18	1	1
Dr.JazielPereira	Dr. Jaziel Pereira	Dr.JazielPereira	PL	CE	1	0.493	13452.214435146443	3	37	9.950754642989715	956	651	296	9	227961	238.45292887029288	9	8	0	0
DeputadoVitorHugo	Major Vitor Hugo	DeputadoVitorHugo	PL	GO	1	0.493	52589.66487556561	3	28	8.956312472583967	7072	5042	2012	18	4163665	588.7535350678733	87	70	2	1
lpbragancabr	Luiz Philippe de Orleans e Bragança	lpbragancabr	PL	RJ	1	0.493	602816.6739384496	3	29	7.397516040366511	2569	1163	809	597	20350758	7921.66523939276	52	31	3	1
adriventurasp	Adriana Ventura	adriventurasp	NOVO	SP	0	0.711	113045.56163194444	3	16	6.888768768991904	2304	1570	642	92	508474	220.69184027777777	4	1	0	0
DanielCoelho23	Daniel Coelho	DanielCoelho23	CIDADANIA	PE	0	-0.014	195389.71339563862	3	24	6.2091275602987706	642	441	153	48	564929	879.9517133956386	2	1	0	0
diegogarciapr	Diego Garcia	diegogarciapr	REPUBLICANOS	PR	1	0.55	89376.69724473258	3	21	5.911352350577362	6170	4075	1916	179	2677252	433.91442463533224	31	16	2	1
joaquimpassarinhooficial	Joaquim Passarinho	joaquimpassarinhooficial	PL	PS	1	0.493	27030.584980237156	3	17	5.22387166263469	1518	962	475	81	286562	188.7760210803689	7	3	0	0
lucasvgonzalez	Lucas Gonzalez 3022	lucasvgonzalez	NOVO	MG	1	0.711	49386.54271356784	3	12	3.8239602398606234	597	447	96	54	53895	90.27638190954774	1	0	0	0
deputadolincolnportela	Deputado Federal Lincoln Portela	deputadolincolnportela	PL	MG	1	0.493	118616.3469387755	3	9	3.561622321886132	539	360	174	5	2369108	4395.376623376624	10	7	0	0
deputadopastoreurico	Deputado Federal Pastor Eurico	deputadopastoreurico	PL	PE	1	0.493	56610.07530120482	3	13	3.4481924933249677	664	141	480	43	190795	287.3418674698795	1	1	0	0
AndreJanones	André Janones	AndreJanones	AVANTE	MG	0	0.455	6117545.9295049505	3	10	2.7907985680866636	2525	1380	598	547	272698562	107999.4304950495	12	6	0	0
evair.vieirademelo	Evair Vieira de Melo	evair.vieirademelo	PP	ES	1	0.51	42277.04093680441	3	9	2.2920369515446897	10333	7390	2597	346	1438283	139.19316752153296	15	7	0	0
generalpeternelli	General Peternelli	generalpeternelli	PSL	SP	1	0.803	119394.7598623246	3	6	2.2204726399865087	3777	2245	1289	243	2242464	593.7156473391581	2	0	0	0
hydrorevivellc	Fábio Trad	hydrorevivellc	PSD	MS	0	0.296	46379.61741573034	3	5	1.832608809789895	1780	1184	537	59	340133	191.08595505617978	3	2	0	0
marianacarvalho.ro	Mariana Carvalho	marianacarvalho.ro	REPUBLICANOS	RO	1	0.55	78245.4332810047	3	7	1.63670088200644	3185	2510	527	148	1112218	349.20502354788067	8	2	0	0
deputadogiovanicherini	Giovani Cherini	deputadogiovanicherini	PL	RS	1	0.493	91676.15587797618	3	6	1.53872985158448	5376	2745	2436	195	1471306	273.68043154761904	12	4	1	0
institutoluizflaviogomes	Luiz Flávio Gomes	institutoluizflaviogomes	PSB	SP	0	-0.427	396719.34430727025	3	5	1.2910886237397539	729	349	276	104	966936	1326.3868312757202	0	0	0	0
joaobacelaroficial	João Bacelar	joaobacelaroficial	PL	BA	0	0.493	19926.52095808383	3	4	1.1134853818974912	167	125	17	25	3978	23.820359281437124	0	0	0	0
deputadovermelho	Vermelho Deputado Federal	deputadovermelho	PL	PR	1	0.493	6418.219330855019	3	4	1.0543188336590585	1130	775	195	160	173525	153.56194690265488	6	5	0	0
DrFredericoMG	Dr. Frederico	DrFredericoMG	PATRIOTA	MG	1	0.455	52751.94257854821	3	3	0.7851778770235356	923	741	156	26	889707	963.9295774647887	4	4	0	0
nereucrispim	Deputado Federal Nereu Crispim	nereucrispim	PSD	RS	0	0.296	77893.31419343263	3	2	0.6818103337278012	5573	3467	853	1253	992708	178.12811771038938	17	7	0	0
hugolealdeputadofederal	Hugo Leal	hugolealdeputadofederal	PSD	RJ	1	0.296	58730.93871151653	3	2	0.6446160164129421	3508	2786	500	222	420503	119.86972633979475	6	0	0	0
onyx.lorenzoni	Onyx Lorenzoni	onyx.lorenzoni	DEM	RS	0	0.431	362439.1286549708	3	3	0.4742905052619405	684	282	381	21	4388088	6415.333333333333	0	0	0	0
jaquelinecassoloficial	Jaqueline Cassol	jaquelinecassoloficial	PP	RO	1	0.51	30277.394911504423	3	1	0.370765747786238	1808	1264	352	192	328076	181.4579646017699	8	4	0	0
DeputadoNilsonPinto	Nilson Pinto	DeputadoNilsonPinto	PSDB	PA	0	0.157	24739.205278592377	3	1	0.3387049819816215	682	624	55	3	34929	51.21554252199414	3	1	0	0
joaoromaneto	João Roma	joaoromaneto	REPUBLICANOS	BA	0	0.55	39255.95041705282	3	2	0.32479792282324205	2158	1271	479	408	1136551	526.6686746987951	0	0	0	0
TulioGadelhaOficial	Túlio Gadêlha	TulioGadelhaOficial	REDE	PE	0	-0.555	135040.58495726495	4	285	176.21648191323405	2925	2308	604	13	6342361	2168.328547008547	24	15	0	0
PauloTeixeira13	Paulo Teixeira	PauloTeixeira13	PT	SP	0	-0.691	320681.65429118456	4	209	153.39268465374136	12013	8014	3720	279	24018204	1999.351036377258	64	45	3	0
ErikaKokay	Erika Kokay	ErikaKokay	PT	DF	0	-0.691	262715.0705779843	4	196	148.34069985510396	6886	4195	2620	71	17318142	2514.978507115887	45	29	0	0
wolneyqueirozpe	Wolney Queiroz	wolneyqueirozpe	PDT	PE	0	-0.356	35548.765064836	4	244	145.93203866100941	1311	836	444	31	479381	365.6605644546148	9	3	0	0
JandiraFeghaliOficial	Jandira Feghali	JandiraFeghaliOficial	PCDOB	RJ	0	-0.822	1261203.4856401384	4	214	145.12510588630778	11560	6755	3776	1029	95690483	8277.723442906574	60	32	3	0
deputadorogeriocorreia	Rogério Correia	deputadorogeriocorreia	PT	MG	0	-0.691	176962.27036575228	4	219	141.81775169924697	9624	5773	3117	734	24128797	2507.1484829592687	57	47	5	0
deputadaaliceportugal	Alice Portugal	deputadaaliceportugal	PCDOB	BA	0	-0.822	96387.73217223029	4	210	139.54433126375275	10335	6811	3194	330	2327396	225.19554910498306	44	33	2	0
guimaraes13pt	José Guimarães	guimaraes13pt	PT	CE	0	-0.691	269172.508130847	4	182	139.50187864616228	16244	10846	4984	414	34935507	2150.671447919232	51	25	4	0
carlosveraspt	Carlos Veras	carlosveraspt	PT	PE	0	-0.691	25380.853228693377	4	192	138.42889792190567	7263	5386	1601	276	1301903	179.2514112625637	32	19	1	0
DeputadaMariaDoRosario	Maria do Rosário	DeputadaMariaDoRosario	PT	SP	0	-0.691	411369.44717391307	4	164	136.641487685737	9201	3902	3086	2213	17682686	1921.8221932398653	32	15	0	0
depjorgesolla	Jorge Solla	depjorgesolla	PT	BA	0	-0.691	123383.42970401692	4	208	132.80639599686168	3786	1578	1010	1198	4812195	1271.0499207606972	17	13	3	0
gleisi.hoffmann	Gleisi Hoffmann	gleisi.hoffmann	PT	PR	0	-0.691	1535279.5505990887	4	166	129.0848779725208	17777	9813	6071	1893	120688045	6788.999549980312	87	58	5	0
AlencarBraga13	Alencar Santana	AlencarBraga13	PT	SP	0	-0.691	155667.02861480962	4	204	127.7364893431541	8562	3968	4367	227	9165082	1070.4370474188274	46	26	0	0
davidmirandario12	David Miranda	davidmirandario12	PDT	RJ	0	-0.356	436427.24745713454	4	180	127.57004793972314	6884	3632	866	2386	31180393	4529.400493898896	40	30	3	0
IvanValentePSOL	Ivan Valente	IvanValentePSOL	PSOL	SP	0	-0.874	545830.8185630416	4	169	123.59343461927435	10731	7286	2205	1240	22605395	2106.550647656323	84	68	4	0
reginaldolopesmg	Reginaldo Lopes	reginaldolopesmg	PT	MG	0	-0.691	133068.3939830661	4	176	121.33949768372796	5551	2624	2335	592	3232098	582.255089173122	22	12	1	0
orlandosilvasp	Orlando Silva	orlandosilvasp	PCDOB	SP	0	-0.822	135670.51225101357	4	191	121.26143273848598	5674	3094	1275	1305	1436608	253.19139936552696	46	30	3	0
niltotattosp	Nilto Tatto	niltotattosp	PT	SP	0	-0.691	114199.7987974613	4	182	119.7815819253876	8981	5635	2137	1209	1028427	114.51141298296403	22	15	0	0
glauber.braga1	Glauber Braga	glauber.braga1	PSOL	RJ	0	-0.874	382413.9622437972	4	144	118.08913928163035	4636	2474	1544	618	16007471	3452.8625970664366	8	5	0	0
deputadohenriquefontana	Henrique Fontana	deputadohenriquefontana	PT	RS	0	-0.691	209091.59722222222	4	162	114.6403267722396	8136	2991	3075	2070	18533616	2277.976401179941	74	50	3	0
fernandapsol	Fernanda Melchionna	fernandapsol	PSOL	RS	0	-0.874	178533.19606588836	4	150	112.5578404158303	12506	6694	3071	2741	17556813	1403.8711818327204	85	65	0	0
rubensotoni	Rubens Otoni	rubensotoni	PT	GO	0	-0.691	196541.5179801071	4	186	111.16754932617295	3921	2526	1264	131	655871	167.27135934710532	36	12	0	0
freixo.marcelo	Marcelo Freixo	freixo.marcelo	PSB	RJ	0	-0.427	989650.2089597725	4	176	110.91542651350683	9845	5344	3025	1476	50587934	5138.439207719654	79	50	5	0
blogdabenedita	Benedita da Silva	blogdabenedita	PT	RJ	0	-0.691	141141.57133806386	4	184	107.49541464851823	7892	4687	2577	628	5946177	753.4436137861126	34	15	3	0
afonsoflorence13	Afonso Florence	afonsoflorence13	PT	BA	0	-0.691	57852.08516129032	4	109	106.8889024730903	3875	2628	1023	224	526617	135.9011612903226	10	6	0	0
chicodangelo	Chico D'Angelo	chicodangelo	PDT	RJ	0	-0.356	59394.2729567687	4	175	105.90575869419133	3169	1713	807	649	620031	195.6550962448722	12	6	0	0
depchinaglia	Arlindo Chinaglia	depchinaglia	PT	SP	0	-0.691	163408.5397381045	4	147	104.86927402192721	7713	3912	1079	2722	2284111	296.137819266174	77	62	10	0
deputadowaldenorpereira	Waldenor Pereira	deputadowaldenorpereira	PT	BA	0	-0.691	38804.76090271424	4	145	104.20378348348501	3280	2188	847	245	420487	128.19725609756097	11	7	0	0
airtonfaleiropt	Airton Faleiro	airtonfaleiropt	PT	PA	0	-0.691	13885.849015317286	4	131	104.12789457960814	5484	2672	2162	650	888201	161.96225382932167	22	14	2	0
deputadomarcon	Deputado Marcon	deputadomarcon	PT	RS	0	-0.691	82240.87679843554	4	103	102.84612462277025	7160	4249	1999	912	3266341	456.19287709497206	22	10	1	0
PedroUczai	Pedro Uczai	PedroUczai	PT	SC	0	-0.691	125708.73963535014	4	115	99.35512855710165	8611	3984	3691	936	5084113	590.420740912786	31	19	4	0
pauloguedesmg	Deputado Paulo Guedes	pauloguedesmg	PT	MG	0	-0.691	65018.696202531646	4	192	99.22618793943798	2370	1030	1285	55	1019251	430.0637130801688	9	2	0	0
samia.bomfim.psol	Sâmia Bomfim	samia.bomfim.psol	PSOL	SP	0	-0.874	561790.3577194753	4	129	98.41286091652664	9912	4905	2348	2659	37938548	3827.5371267150927	28	20	3	0
assiscarvalho.pt	Assis Carvalho	assiscarvalho.pt	PT	PI	0	-0.691	90779.31317204301	4	154	97.11344345564393	2976	1824	829	323	471153	158.31754032258064	1	0	0	0
perpetuaalmeida.acre	Perpétua Almeida	perpetuaalmeida.acre	PCDOB	AC	0	-0.822	66792.03821399838	4	209	95.99085145787464	2486	1517	917	52	465358	187.19147224456958	18	7	0	0
MolonRJ	Alessandro Molon	MolonRJ	PSB	RJ	0	-0.427	368652.2708816705	4	168	95.8833160822178	5172	2008	1115	2049	14079834	2722.3190255220416	41	30	0	0
DeputadoBetoFaro	Beto Faro	DeputadoBetoFaro	PT	PA	0	-0.691	16251.430776652194	4	94	92.07696026558267	4146	1843	1820	483	3452076	832.6280752532562	8	1	0	0
bohngass13	Elvino Bohn Gass	bohngass13	PT	RS	0	-0.691	279587.43635170604	4	116	91.74896512562597	7620	4451	2416	753	9805375	1286.7946194225722	41	23	1	0
Joseairtoncirilo	José Airton Cirilo	Joseairtoncirilo	PT	CE	0	-0.691	32748.508083140878	4	154	91.23627967129316	3897	3149	702	46	295154	75.73877341544778	14	5	0	0
depleomonteiro	Leonardo Monteiro	depleomonteiro	PT	MG	0	-0.691	60689.23725705904	4	121	89.61548219583354	2727	1467	1090	170	527634	193.4851485148515	14	3	0	0
renildovcalheiros	Renildo Calheiros	renildovcalheiros	PCDOB	PE	0	-0.822	21532.722352941175	4	204	89.20953036471647	1700	1027	596	77	131221	77.18882352941176	13	8	0	0
josiasgomespt	Josias Gomes	josiasgomespt	PT	BA	0	-0.691	16148.627237627237	4	212	88.45407670766703	5698	4714	965	19	67121	11.77974727974728	12	9	3	0
jfmargarida	Margarida Salomão	jfmargarida	PT	MG	0	-0.691	179499.6111757858	4	95	88.11643930875509	6013	2585	1726	1702	4902081	815.2471312156994	6	2	0	0
rfalcao13	Rui Falcão	rfalcao13	PT	SP	0	-0.691	197799.598937583	4	99	84.97143097544539	3765	1935	1216	614	4674735	1241.6294820717133	19	14	2	0
LidicedaMata	Lídice da Mata	LidicedaMata	PSB	BA	0	-0.427	92967.36889433886	4	117	81.21204571666216	4893	3453	863	577	677686	138.50112405477213	28	9	0	0
padilhando	Alexandre Padilha	padilhando	PT	SP	0	-0.691	162776.3338150289	4	122	76.62028597242353	4844	1957	1631	1256	3273407	675.7652766308836	11	7	1	0
patrusananias13	Patrus Ananias	patrusananias13	PT	MG	0	-0.691	80875.12068965517	4	126	75.58730442259736	4002	1642	709	1651	989358	247.21589205397302	9	5	0	0
gervasiomaiapb	Gervásio Maia	gervasiomaiapb	PSB	PB	0	-0.427	24202.985627418464	4	207	73.65713562464181	1809	1326	477	6	266023	147.05527915975676	3	2	0	0
nataliabonavides	Natália Bonavides	nataliabonavides	PT	RN	0	-0.691	60824.17481789802	4	85	71.55914379446575	6727	4545	1393	789	2746480	408.2770923145533	18	11	0	0
luizaerundina	Luiza Erundina	luizaerundina	PSOL	SP	0	-0.874	392876.47575888364	4	87	70.93745383212072	6951	3515	1379	2057	9327258	1341.8584376348726	30	21	0	0
depzeneto	Zé Neto	depzeneto	PT	BA	0	-0.691	47432.66603572696	4	174	65.05894073099824	8453	5641	2731	81	1429981	169.1684609014551	9	4	1	0
pimenta13br	Paulo Pimenta	pimenta13br	PT	RS	0	-0.691	518842.09168413695	4	87	62.80202693623265	14310	5274	6983	2053	44079300	3080.314465408805	88	57	4	0
depdanielalmeida	Daniel Almeida	depdanielalmeida	PCDOB	BA	0	-0.822	60759.688517831375	4	101	61.46884615769598	4852	3317	1229	306	581987	119.94785655399835	22	6	0	0
odaircunhamg	Odair Cunha	odaircunhamg	PT	MG	0	-0.691	71825.77852348993	4	82	60.683518524294875	3725	2370	866	489	1290230	346.3704697986577	10	5	1	0
camilocapiberibe	Camilo Capiberibe	camilocapiberibe	PSB	AM	0	-0.427	37165.01329964091	4	109	58.34332216568206	7520	3620	2468	1432	934074	124.21196808510638	41	21	2	0
DepZeCarlosPT	Deputado Zé Carlos	DepZeCarlosPT	PT	MA	0	-0.691	16128.505797901711	4	97	58.03314920413065	1811	1404	375	32	70040	38.67476532302595	2	1	0	0
deputadofederalzecadirceu	Zeca Dirceu	deputadofederalzecadirceu	PT	PR	0	-0.691	145004.66631799162	4	102	56.68617803249291	7649	4032	2858	759	7347451	960.5766766897634	33	10	0	0
arraes	Marília Arraes	arraes	SOLIDARIEDADE	PE	0	0.19	150584.27272727274	4	113	56.445156134937605	3982	2441	1200	341	5171605	1298.7456052235057	13	7	0	0
dep.zarattini	Carlos Zarattini	dep.zarattini	PT	SP	0	-0.691	416506.3076648417	4	85	55.22348518494701	8402	3606	4202	594	15008843	1786.3417043561058	39	31	1	0
helder.salomao.1350	Helder Salomão	helder.salomao.1350	PT	ES	0	-0.691	53997.925112435936	4	80	54.90164493777331	9562	6372	2156	1034	5021324	525.1332357247438	27	16	2	0
luiziannelinsPT	Luizianne Lins	luiziannelinsPT	PT	CE	0	-0.691	122259.35700680272	4	72	51.98490804945109	3675	2470	984	221	2065017	561.909387755102	12	5	0	0
DeputadoFederalVicentinho	Deputado Federal Vicentinho	DeputadoFederalVicentinho	PT	SP	0	-0.691	192770.84769995857	4	68	49.62165184490113	4826	2528	1665	633	1351301	280.0043514297555	21	15	0	0
marciojerry	Márcio Jerry	marciojerry	PCDOB	MA	0	-0.822	28001.769696029776	4	74	44.06195268232928	6448	3627	1028	1793	600222	93.08653846153847	15	4	0	0
CelioMouraTO	Célio Moura	CelioMouraTO	PT	TO	0	-0.691	12958.7852398524	4	85	43.82534400817621	4231	2715	1305	211	1972265	466.14630111084847	9	3	1	0
ottoalencaroficial	Otto Alencar	ottoalencaroficial	PSD	BA	0	0.296	60732.5081300813	4	118	43.80611169222084	1476	729	740	7	622897	422.0169376693767	3	1	0	0
taliriapetronepsol	Talíria Petrone	taliriapetronepsol	PSOL	RJ	0	-0.874	124013.2845484222	4	68	41.96684341640045	5514	3106	1632	776	2039175	369.8177366702938	38	25	1	0
deputadojoaodaniel	Deputado João Daniel	deputadojoaodaniel	PT	SE	0	-0.691	15860.63582384958	4	75	39.226542395885026	6063	3467	1882	714	287387	47.40013194788059	14	8	0	0
aureacarolina	Áurea Carolina	aureacarolina	PSOL	MG	0	-0.874	93111.30301427816	4	69	31.49329361102844	3782	1627	635	1520	1023641	270.66129032258067	14	7	1	0
paulaodopt	Paulão	paulaodopt	PT	AL	0	-0.691	26700.736496007514	4	64	31.251182841801604	4258	2933	1177	148	310682	72.96430248943166	14	10	0	0
ProfessoraRosaNeide	Professora Rosa Neide	ProfessoraRosaNeide	PT	MT	0	-0.691	41019.45637583893	4	74	30.942210170685254	8046	4434	2343	1269	4230912	525.8404175988069	31	16	0	0
freianastaciopt	Frei Anastacio Ribeiro	freianastaciopt	PT	PB	0	-0.691	15752.649501941583	4	69	30.15100863304786	5923	2565	2008	1350	171593	28.970622995103835	15	6	1	0
nelsonpelegrino	Nelson Pelegrino	nelsonpelegrino	PT	BA	0	-0.691	123885.67846221058	4	53	29.40639348960241	2289	1262	590	437	708233	309.40716470074267	0	0	0	0
pauloramosrio	Deputado Paulo Ramos	pauloramosrio	PDT	RJ	0	-0.356	68335.78432893717	4	61	28.209983048118545	2580	1416	1051	113	166449	64.51511627906977	14	8	0	0
calero.rio	Marcelo Calero	calero.rio	PSD	RJ	0	0.296	66702.11637931035	4	64	27.79146068189573	1392	515	619	258	542675	389.8527298850575	8	4	0	0
pompeodemattospdt	Pompeo de Mattos	pompeodemattospdt	PDT	RS	1	-0.356	285020.99959407345	4	51	21.24517764171058	4927	2011	2224	692	3960767	803.8901968743658	20	13	0	1
depvalmir	Valmir Assunção Lula da Silva	depvalmir	PT	BA	0	-0.691	50853.22929405225	4	47	14.856910541227782	3599	2194	1283	122	420469	116.82939705473743	8	3	0	0
padrejoao	Padre João	padrejoao	PT	SP	0	-0.691	130894.61265373399	4	32	10.978420308104253	7887	4589	3108	190	6013503	762.457588436668	35	17	1	0
enioverri	Enio Verri	enioverri	PT	PR	0	-0.691	1166002.4956038871	4	52	10.836126046580318	2171	875	774	522	3235391	1490.2768309534777	6	2	0	0
deputadovander	Vander Loubet	deputadovander	PT	MS	0	-0.691	21337.23798627002	4	27	8.97988616974157	3496	2468	609	419	298258	85.31407322654462	11	1	0	0
kimkataguiri	Kim Kataguiri	kimkataguiri	DEM	SP	0	0.431	1699646.3181371344	4	45	8.627233762629125	16280	8780	3126	4374	86104503	5288.974385749386	37	23	2	0
nerigelleroficial	Neri Geller	nerigelleroficial	PP	MT	1	0.51	15516.522482014389	4	23	4.882274447660066	1112	561	513	38	64403	57.91636690647482	2	0	0	0
ZeRicardoAM	José Ricardo	ZeRicardoAM	PT	AM	0	-0.691	45662.594998831504	4	15	4.388507286550564	4279	1885	1906	488	968836	226.4164524421594	5	2	0	0
luiz.caetanoBA	Luiz Caetano	luiz.caetanoBA	PT	BA	0	-0.691	58673.474178403754	4	10	3.482001658252123	1704	1182	513	9	435124	255.3544600938967	1	0	0	0
jean.wyllys	Jean Wyllys	jean.wyllys	PSOL	BA	0	-0.874	1207429.9492574257	4	8	2.3323225811371295	810	621	92	97	2609512	3221.6197530864197	0	0	0	0
Dep.Joeniawapichana	Joenia Wapichana	Dep.Joeniawapichana	REDE	RR	0	-0.555	23428.672265904217	4	4	1.5109244525842138	2798	1656	884	258	684732	244.72194424588992	5	1	0	0
pastorisidoriofilho	Pastor Isidório Filho	pastorisidoriofilho	AVANTE	BA	0	0.455	74104.87318361955	4	4	0.9553586694858486	1515	1083	228	204	248706	164.16237623762376	1	0	0	0
EuclydesPettersenOficial	Euclydes Pettersen	EuclydesPettersenOficial	PSC	MG	1	0.596	40372.848575712145	4	2	0.8267466951997835	667	508	159	0	75070	112.5487256371814	4	2	0	0
MauricioBacelarOficial	Maurício Bacelar	MauricioBacelarOficial	PV	BA	0	-0.069	15970.392761394101	4	2	0.3195010505341074	746	634	78	34	28855	38.679624664879356	0	0	0	0
alielmachado	Aliel Machado	alielmachado	PV	PR	0	-0.069	75936.53293413174	4	1	0.3103430206425497	1503	1009	437	57	708199	471.1902860944777	7	1	0	0
rodrigocastroMG	Deputado Federal Rodrigo de Castro	rodrigocastroMG	PSDB	MG	0	0.157	84801.73672055427	4	1	0.1802206712381488	866	402	423	41	104986	121.2309468822171	0	0	0	0
deputadomarioheringer	Dr. Mário Heringer	deputadomarioheringer	PDT	MG	0	-0.356	51566.00965517241	4	1	0.1639395020035557	2175	1494	644	37	448543	206.22666666666666	0	0	0	0
alanrickoficial	Alan Rick	alanrickoficial	DEM	AC	1	0.431	29449.204827586207	5	22	6.505547629596014	2900	2381	413	106	578792	199.58344827586208	7	2	1	0
deputadoJesusSergio12	Deputado Jesus Sérgio	deputadoJesusSergio12	PDT	AC	1	-0.356	7927.5503617139675	5	6	2.8767422445160973	1797	1354	316	127	98439	54.779632721202006	1	0	0	0
dep.jessicasales	Jéssica Sales	dep.jessicasales	MDB	AC	1	0.137	19136.708069620254	5	6	1.8508086823153995	1461	1120	316	25	358429	245.33127994524298	1	1	0	0
soumararocha	Mara Rocha	soumararocha	MDB	AC	1	0.137	15666.398773006134	5	3	1.4357405846462088	1956	1252	399	305	541430	276.80470347648264	17	8	4	0
dravandamilani.ac	Vanda Milani	dravandamilani.ac	PROS	AC	1	0.19	0	5	3	1.1734113078481683	102	52	19	31	9661	94.7156862745098	0	0	0	0
flavianomelooficial	Flaviano Melo	flavianomelooficial	MDB	AC	0	0.137	11361.454411764706	5	3	0.9213817185492792	680	553	110	17	54929	80.77794117647059	1	0	0	0
RicardoBarrosOficial	Ricardo Barros	RicardoBarrosOficial	PP	PR	1	0.51	64725.634204275535	5	2	0.46964960062231664	2526	2111	357	58	1065705	421.89429928741094	5	1	0	0
alcidesrodriguesoficial	Alcides Rodrigues	alcidesrodriguesoficial	PATRIOTA	GO	0	0.455	4647.891265597148	6	0	0	617	510	107	0	102390	165.9481361426256	2	0	0	0
amaronetotv	Amaro Neto	amaronetotv	REPUBLICANOS	ES	1	0.55	158935.7523364486	7	0	0	214	192	22	0	180905	845.3504672897196	0	0	0	0
amigoneyleprevost	Ney Leprevost	amigoneyleprevost	PSD	PR	0	0.296	152026.19568231332	8	0	0	5049	4098	772	179	1440079	285.2206377500495	11	1	0	0
fabioschiochetoficial	Fabio Schiochet	fabioschiochetoficial	PSL	SC	1	0.803	24008.630630630632	9	5	1.6478335732504468	555	354	190	11	172976	311.66846846846846	2	2	0	0
CarlosChiodini	Carlos Chiodini	CarlosChiodini	MDB	SC	1	0.137	35823.72163120568	9	3	1.6320580986013602	1692	1406	267	19	539718	318.9822695035461	2	1	0	0
BetoPereiraMS	Beto Pereira	BetoPereiraMS	PSDB	MS	0	0.157	19649.675039246467	9	2	0.419438226341871	637	428	145	64	113884	178.7817896389325	1	0	0	0
Bivaroficial	Luciano Bivar	Bivaroficial	PSL	PE	0	0.803	19428.237068965518	10	0	0	232	137	95	0	25035	107.90948275862068	1	0	0	0
BoscoSaraivaAM	Bosco Saraiva	BoscoSaraivaAM	SOLIDARIEDADE	AM	0	0.19	29043.977194492254	11	0	0	2324	965	1293	66	208953	89.91092943201377	1	0	0	0
carlosbezerraoficial	Carlos Bezerra	carlosbezerraoficial	MDB	MT	0	0.137	12904.717803030304	12	0	0	528	464	55	9	29632	56.121212121212125	2	0	0	0
terezacristinams	Tereza Cristina	terezacristinams	DEM	MS	0	0.431	66727.98217726397	13	34	12.32417143194819	2083	1061	957	65	1890153	907.4186269803168	2	0	0	0
zevitorMG	Zé Vitor	zevitorMG	PL	MG	1	0.493	36647.18172268908	13	15	5.657758339392057	952	674	223	55	149804	157.35714285714286	0	0	0	0
zemariogo	Zé Mário	zemariogo	MDB	GO	1	0.137	29064.138824618232	13	11	4.406003290004257	2161	1620	513	28	165421	76.54835724201759	1	1	0	0
sergiosouzaPR	Sérgio Souza	sergiosouzaPR	MDB	PR	1	0.137	51632.38963901901	13	10	4.072373252326413	3629	2676	749	204	448826	123.67759713419674	2	1	0	0
DeputadoPedroLupion	Pedro Lupion	DeputadoPedroLupion	PP	PR	1	0.51	40357.108116677235	13	11	3.7267120163618586	3154	2149	790	215	294644	93.41915028535193	12	11	0	1
deputadoarnaldojardim	Deputado Arnaldo Jardim	deputadoarnaldojardim	CIDADANIA	SP	0	-0.014	122784.16670289068	13	8	3.049988452229083	4724	3082	820	822	240768	50.96697713801863	5	0	0	0
christino.aureo	Christino Áureo	christino.aureo	PP	RJ	0	0.51	40723.52742616034	13	5	1.7609530476786768	3081	2101	785	195	259376	84.18565400843882	5	0	0	0
domingossaviomg	Domingos Sávio	domingossaviomg	PL	MG	1	0.493	82412.30952380953	13	3	1.0562715248036152	1262	678	314	270	118342	93.77337559429478	1	1	0	0
covatti.filho	Covatti Filho	covatti.filho	PP	RS	0	0.51	47156.06211869107	14	0	0	1803	1338	317	148	593045	328.92124237382143	4	3	0	0
danieltrzeciak45	Daniel Trzeciak	danieltrzeciak45	PSDB	RS	1	0.157	40911.59986413043	15	0	0	1472	914	458	100	633071	430.0754076086956	2	1	0	0
dep.eduardocosta	Eduardo Costa	dep.eduardocosta	PODEMOS	PA	1		34911.04218362283	16	1	0.165655911659094	2418	1633	716	69	505234	208.94706368899918	3	0	0	0
deputadonivaldoalbuquerque	Deputado Nivaldo Albuquerque	deputadonivaldoalbuquerque	REPUBLICANOS	AL	1	0.55	8431.076923076924	16	1	0.165655911659094	104	90	10	4	14738	141.71153846153845	0	0	0	0
depbilacpinto	Deputado Federal Bilac Pinto	depbilacpinto	DEM	MG	0	0.431	37753.16317016317	17	0	0	429	205	24	200	26359	61.442890442890445	0	0	0	0
deproberiomonteiro	Deputado Robério Monteiro	deproberiomonteiro	PTB	CE	0	0.455	13474.586608442503	18	0	0	1374	1318	50	6	84997	61.86098981077147	1	0	0	0
deputado.atilalins	Deputado Átila Lins	deputado.atilalins	PSD	AM	1	0.296	20406.150492264416	19	0	0	711	670	37	4	177357	249.44725738396625	0	0	0	0
deputadodavitoria	Da Vitoria	deputadodavitoria	PP	ES	1	0.51	24858.634146341465	20	3	1.803128785263169	2378	1757	448	173	184660	77.65349032800673	2	0	0	0
PauloFoletto	Paulo Foletto	PauloFoletto	PSB	ES	0	-0.427	40291.74526515151	20	2	1.5995243510156634	1056	738	302	16	114860	108.76893939393939	0	0	0	0
deputadofederalacaciofavacho	Acácio Favacho	deputadofederalacaciofavacho	MDB	AM	0	0.137	4448.9114173228345	21	1	0.20395031013795673	536	426	83	27	59783	111.53544776119404	0	0	0	0
DeputadoToninho	Deputado Toninho Wandscheer	DeputadoToninho	PP	PR	1	0.51	43042.13778409091	21	1	0.20395031013795673	4224	3232	654	338	324519	76.82741477272727	12	2	0	0
deputadofederalsergiobrito	Deputado Sérgio Brito	deputadofederalsergiobrito	PSD	BA	0	0.296	18491.84294871795	22	0	0	624	454	170	0	27011	43.28685897435897	0	0	0	0
DeputadoGeneciasNoronha	Deputado Federal Genecias Noronha	DeputadoGeneciasNoronha	PL	CE	0	0.493	46334.20045045045	23	0	0	444	295	146	3	333115	750.259009009009	0	0	0	0
deputadoigorkannario	Deputado federal Igor Kannário	deputadoigorkannario	DEM	BA	1	0.431	23601.66208791209	24	0	0	728	597	116	15	93840	128.9010989010989	1	0	0	0
deputadojosenunes	José Nunes	deputadojosenunes	PSD	BA	0	0.296	39333.95252837977	25	0	0	969	827	141	1	103572	106.88544891640866	0	0	0	0
depwagnermontes	Wagner Montes	depwagnermontes	PRB	RJ	0		67882.11111111111	26	0	0	9	8	1	0	4352	483.55555555555554	0	0	0	0
edmilsonpsol	Edmilson Rodrigues	edmilsonpsol	PSOL	PA	0	-0.874	119767.92358119498	27	0	0	5339	2693	1437	1209	4692326	878.8773178497846	4	0	0	0
faustopinato	Fausto Pinato	faustopinato	PP	SP	0	0.51	135600.46348856433	28	0	0	3629	2525	865	239	553895	152.63020115734363	4	1	0	0
franciscojrgo	Francisco Jr	franciscojrgo	PSD	GO	1	0.296	35876.957436399214	29	0	0	2044	1290	607	147	176861	86.52690802348337	2	1	0	0
gildemarmatoscoach	Gildemar Matos Coach	gildemarmatoscoach	NotAvailable	NotAvailable	0		0	30	0	0	8	8	0	0	78	9.75	0	0	0	0
hugomottapb	Hugo Motta	hugomottapb	REPUBLICANOS	PB	0	0.55	46136.340770791074	31	0	0	1479	1251	217	11	182282	123.24678837052062	0	0	0	0
Juniorlourencobonfim	Junior Lourenço	Juniorlourencobonfim	PL	MA	0	0.493	2029.4716981132076	32	0	0	61	52	8	1	3259	53.42622950819672	0	0	0	0
juniormanodep	Junior Mano	juniormanodep	PL	CE	0	0.493	18360.370280146162	33	0	0	821	723	79	19	187740	228.6723507917174	0	0	0	0
LizianeBayer	Liziane Bayer	LizianeBayer	REPUBLICANOS	RS	1	0.55	45246.88867235079	34	0	0	4105	3467	365	273	485719	118.3237515225335	8	1	0	0
luistibeoficial	Luis Tibé	luistibeoficial	AVANTE	MG	0	0.455	44845.71120689655	35	0	0	696	503	189	4	123705	177.73706896551724	5	1	0	0
marabocaabertaparana	Boca Aberta	marabocaabertaparana	PROS	PR	1	0.19	438118.80124575313	36	0	0	1766	649	999	118	11127588	6301.012457531144	2	2	1	0
MarlonSantosPolitico	Marlon Santos	MarlonSantosPolitico	PL	RS	1	0.493	199208.82375478928	37	0	0	522	219	262	41	2790539	5345.860153256705	0	0	0	0
miguellombardi.deputadofederal	Miguel Lombardi	miguellombardi.deputadofederal	PL	SP	1	0.493	115025.73459958933	38	0	0	1948	1236	602	110	241017	123.72535934291581	2	0	0	0
pastorabiliosantana	Abílio Santana	pastorabiliosantana	PSC	BA	0	0.596	103656.6	39	0	0	11	5	5	1	1817	165.1818181818182	0	0	0	0
severinolpessoaal	Severino Pessoa	severinolpessoaal	MDB	AL	1	0.137	5773.389078498293	40	0	0	293	272	21	0	7240	24.7098976109215	3	0	0	0
tiririca	Tiririca	tiririca	PL	SP	0	0.493	2617348.7621359224	41	0	0	1442	121	1320	1	37714096	26154.019417475727	0	0	0	0
vitorlippi	Vitor Lippi	vitorlippi	PSDB	SP	0	0.157	136177.3125191307	42	0	0	3267	1937	1255	75	725472	222.06060606060606	4	1	0	0
